key	0	1	2	3	4	5	6	year	month	decade	year_in_decade
189501	0.000	0.000	0.000	0.952	0.048	0.000	0.000	1895	01	1890	5
189502	0.000	0.000	0.000	0.923	0.077	0.000	0.000	1895	02	1890	5
189503	0.000	0.000	0.000	0.898	0.086	0.016	0.000	1895	03	1890	5
189504	0.000	0.000	0.003	0.885	0.083	0.021	0.008	1895	04	1890	5
189505	0.000	0.000	0.057	0.777	0.105	0.036	0.025	1895	05	1890	5
189506	0.000	0.016	0.077	0.654	0.119	0.070	0.064	1895	06	1890	5
189507	0.004	0.034	0.052	0.548	0.158	0.092	0.111	1895	07	1890	5
189508	0.008	0.038	0.072	0.529	0.184	0.087	0.081	1895	08	1890	5
189509	0.033	0.044	0.051	0.632	0.143	0.047	0.049	1895	09	1890	5
189510	0.043	0.047	0.076	0.648	0.130	0.005	0.049	1895	10	1890	5
189511	0.042	0.056	0.085	0.623	0.116	0.029	0.049	1895	11	1890	5
189512	0.024	0.053	0.112	0.631	0.084	0.050	0.046	1895	12	1890	5
189601	0.026	0.058	0.113	0.606	0.100	0.056	0.041	1896	01	1890	6
189602	0.013	0.044	0.085	0.722	0.069	0.025	0.041	1896	02	1890	6
189603	0.008	0.032	0.118	0.707	0.056	0.025	0.055	1896	03	1890	6
189604	0.007	0.044	0.132	0.628	0.103	0.013	0.073	1896	04	1890	6
189605	0.015	0.082	0.138	0.461	0.171	0.045	0.089	1896	05	1890	6
189606	0.015	0.072	0.180	0.504	0.105	0.062	0.063	1896	06	1890	6
189607	0.005	0.064	0.129	0.526	0.145	0.061	0.069	1896	07	1890	6
189608	0.016	0.082	0.182	0.482	0.128	0.036	0.075	1896	08	1890	6
189609	0.012	0.079	0.101	0.537	0.121	0.071	0.078	1896	09	1890	6
189610	0.002	0.044	0.092	0.616	0.151	0.045	0.050	1896	10	1890	6
189611	0.002	0.029	0.082	0.573	0.175	0.080	0.058	1896	11	1890	6
189612	0.015	0.038	0.090	0.618	0.158	0.037	0.044	1896	12	1890	6
189701	0.014	0.032	0.064	0.634	0.153	0.078	0.025	1897	01	1890	7
189702	0.002	0.034	0.071	0.602	0.181	0.079	0.032	1897	02	1890	7
189703	0.002	0.020	0.032	0.511	0.246	0.119	0.070	1897	03	1890	7
189704	0.002	0.023	0.031	0.638	0.146	0.121	0.041	1897	04	1890	7
189705	0.005	0.022	0.032	0.756	0.092	0.074	0.019	1897	05	1890	7
189706	0.017	0.015	0.037	0.754	0.088	0.052	0.037	1897	06	1890	7
189707	0.019	0.013	0.073	0.705	0.065	0.062	0.063	1897	07	1890	7
189708	0.011	0.021	0.080	0.753	0.053	0.030	0.051	1897	08	1890	7
189709	0.028	0.017	0.152	0.723	0.040	0.010	0.031	1897	09	1890	7
189710	0.029	0.047	0.210	0.588	0.051	0.041	0.033	1897	10	1890	7
189711	0.034	0.073	0.176	0.623	0.049	0.034	0.012	1897	11	1890	7
189712	0.019	0.061	0.188	0.623	0.035	0.062	0.012	1897	12	1890	7
189801	0.021	0.041	0.115	0.717	0.048	0.044	0.013	1898	01	1890	8
189802	0.025	0.051	0.125	0.700	0.058	0.024	0.017	1898	02	1890	8
189803	0.035	0.052	0.124	0.641	0.111	0.023	0.012	1898	03	1890	8
189804	0.054	0.038	0.133	0.666	0.082	0.015	0.012	1898	04	1890	8
189805	0.038	0.056	0.147	0.598	0.083	0.059	0.019	1898	05	1890	8
189806	0.048	0.069	0.093	0.615	0.087	0.062	0.026	1898	06	1890	8
189807	0.037	0.052	0.096	0.615	0.090	0.078	0.032	1898	07	1890	8
189808	0.038	0.064	0.076	0.625	0.080	0.100	0.017	1898	08	1890	8
189809	0.038	0.075	0.101	0.585	0.114	0.072	0.015	1898	09	1890	8
189810	0.023	0.058	0.138	0.535	0.149	0.068	0.029	1898	10	1890	8
189811	0.026	0.049	0.104	0.600	0.108	0.089	0.026	1898	11	1890	8
189812	0.021	0.051	0.104	0.683	0.088	0.041	0.012	1898	12	1890	8
189901	0.018	0.048	0.102	0.676	0.102	0.042	0.012	1899	01	1890	9
189902	0.035	0.020	0.101	0.628	0.163	0.034	0.020	1899	02	1890	9
189903	0.006	0.019	0.085	0.662	0.133	0.071	0.023	1899	03	1890	9
189904	0.010	0.057	0.077	0.751	0.079	0.019	0.007	1899	04	1890	9
189905	0.006	0.078	0.103	0.695	0.072	0.033	0.013	1899	05	1890	9
189906	0.006	0.082	0.097	0.693	0.081	0.027	0.013	1899	06	1890	9
189907	0.015	0.052	0.103	0.672	0.098	0.048	0.013	1899	07	1890	9
189908	0.024	0.073	0.101	0.643	0.076	0.066	0.016	1899	08	1890	9
189909	0.029	0.084	0.140	0.667	0.050	0.031	0.000	1899	09	1890	9
189910	0.013	0.100	0.168	0.598	0.078	0.031	0.013	1899	10	1890	9
189911	0.033	0.122	0.186	0.567	0.082	0.010	0.000	1899	11	1890	9
189912	0.021	0.128	0.182	0.607	0.060	0.002	0.000	1899	12	1890	9
190001	0.041	0.123	0.164	0.632	0.039	0.000	0.000	1900	01	1900	0
190002	0.052	0.056	0.092	0.762	0.022	0.004	0.012	1900	02	1900	0
190003	0.068	0.066	0.086	0.725	0.035	0.004	0.016	1900	03	1900	0
190004	0.031	0.090	0.095	0.642	0.086	0.038	0.020	1900	04	1900	0
190005	0.077	0.063	0.153	0.611	0.039	0.036	0.021	1900	05	1900	0
190006	0.112	0.088	0.116	0.521	0.105	0.040	0.019	1900	06	1900	0
190007	0.119	0.066	0.087	0.579	0.066	0.049	0.034	1900	07	1900	0
190008	0.121	0.062	0.099	0.628	0.019	0.043	0.029	1900	08	1900	0
190009	0.100	0.071	0.115	0.557	0.058	0.043	0.056	1900	09	1900	0
190010	0.096	0.091	0.104	0.552	0.051	0.056	0.050	1900	10	1900	0
190011	0.071	0.079	0.103	0.651	0.052	0.027	0.016	1900	11	1900	0
190012	0.091	0.092	0.084	0.677	0.028	0.019	0.009	1900	12	1900	0
190101	0.099	0.085	0.098	0.665	0.035	0.012	0.005	1901	01	1900	1
190102	0.069	0.096	0.134	0.636	0.048	0.014	0.003	1901	02	1900	1
190103	0.059	0.087	0.102	0.699	0.035	0.007	0.011	1901	03	1900	1
190104	0.057	0.076	0.094	0.735	0.015	0.011	0.012	1901	04	1900	1
190105	0.048	0.078	0.103	0.673	0.084	0.005	0.009	1901	05	1900	1
190106	0.073	0.051	0.162	0.593	0.100	0.014	0.006	1901	06	1900	1
190107	0.078	0.086	0.234	0.487	0.086	0.015	0.014	1901	07	1900	1
190108	0.058	0.156	0.195	0.438	0.035	0.073	0.046	1901	08	1900	1
190109	0.103	0.081	0.206	0.438	0.050	0.086	0.037	1901	09	1900	1
190110	0.079	0.159	0.152	0.472	0.064	0.044	0.031	1901	10	1900	1
190111	0.132	0.138	0.174	0.468	0.064	0.022	0.002	1901	11	1900	1
190112	0.119	0.143	0.196	0.423	0.073	0.023	0.022	1901	12	1900	1
190201	0.130	0.159	0.195	0.439	0.045	0.026	0.006	1902	01	1900	2
190202	0.134	0.146	0.178	0.449	0.049	0.036	0.007	1902	02	1900	2
190203	0.117	0.120	0.182	0.485	0.054	0.016	0.027	1902	03	1900	2
190204	0.135	0.164	0.181	0.447	0.038	0.012	0.022	1902	04	1900	2
190205	0.109	0.144	0.148	0.513	0.047	0.011	0.028	1902	05	1900	2
190206	0.116	0.130	0.138	0.543	0.033	0.010	0.030	1902	06	1900	2
190207	0.122	0.091	0.152	0.446	0.097	0.059	0.034	1902	07	1900	2
190208	0.128	0.137	0.141	0.422	0.064	0.052	0.056	1902	08	1900	2
190209	0.122	0.057	0.101	0.547	0.071	0.042	0.059	1902	09	1900	2
190210	0.123	0.065	0.104	0.547	0.063	0.036	0.063	1902	10	1900	2
190211	0.095	0.069	0.061	0.568	0.118	0.051	0.037	1902	11	1900	2
190212	0.064	0.057	0.073	0.564	0.123	0.075	0.043	1902	12	1900	2
190301	0.056	0.052	0.087	0.569	0.138	0.057	0.039	1903	01	1900	3
190302	0.037	0.058	0.062	0.499	0.201	0.065	0.078	1903	02	1900	3
190303	0.037	0.041	0.051	0.540	0.201	0.045	0.085	1903	03	1900	3
190304	0.019	0.047	0.074	0.597	0.154	0.087	0.022	1903	04	1900	3
190305	0.013	0.060	0.065	0.587	0.147	0.083	0.045	1903	05	1900	3
190306	0.006	0.025	0.096	0.599	0.172	0.064	0.038	1903	06	1900	3
190307	0.006	0.028	0.103	0.556	0.127	0.104	0.076	1903	07	1900	3
190308	0.021	0.053	0.074	0.514	0.114	0.119	0.104	1903	08	1900	3
190309	0.003	0.040	0.106	0.585	0.079	0.103	0.083	1903	09	1900	3
190310	0.003	0.060	0.115	0.586	0.072	0.069	0.095	1903	10	1900	3
190311	0.025	0.060	0.117	0.609	0.091	0.036	0.062	1903	11	1900	3
190312	0.054	0.070	0.097	0.623	0.071	0.039	0.046	1903	12	1900	3
190401	0.054	0.075	0.120	0.590	0.096	0.030	0.035	1904	01	1900	4
190402	0.078	0.071	0.111	0.558	0.117	0.036	0.029	1904	02	1900	4
190403	0.093	0.077	0.128	0.382	0.166	0.111	0.043	1904	03	1900	4
190404	0.098	0.078	0.102	0.509	0.144	0.054	0.016	1904	04	1900	4
190405	0.089	0.073	0.096	0.548	0.144	0.037	0.014	1904	05	1900	4
190406	0.097	0.054	0.082	0.573	0.118	0.052	0.025	1904	06	1900	4
190407	0.080	0.045	0.100	0.553	0.117	0.049	0.056	1904	07	1900	4
190408	0.060	0.025	0.110	0.560	0.106	0.054	0.086	1904	08	1900	4
190409	0.036	0.052	0.095	0.558	0.072	0.113	0.075	1904	09	1900	4
190410	0.036	0.075	0.123	0.513	0.103	0.095	0.056	1904	10	1900	4
190411	0.057	0.116	0.133	0.563	0.084	0.019	0.028	1904	11	1900	4
190412	0.059	0.094	0.168	0.570	0.071	0.026	0.012	1904	12	1900	4
190501	0.037	0.062	0.157	0.639	0.064	0.032	0.008	1905	01	1900	5
190502	0.031	0.076	0.154	0.593	0.097	0.039	0.009	1905	02	1900	5
190503	0.032	0.082	0.151	0.566	0.056	0.089	0.026	1905	03	1900	5
190504	0.051	0.090	0.093	0.478	0.093	0.095	0.100	1905	04	1900	5
190505	0.018	0.058	0.078	0.519	0.119	0.068	0.141	1905	05	1900	5
190506	0.017	0.033	0.078	0.507	0.108	0.089	0.168	1905	06	1900	5
190507	0.019	0.033	0.068	0.434	0.121	0.120	0.205	1905	07	1900	5
190508	0.019	0.048	0.058	0.445	0.118	0.153	0.160	1905	08	1900	5
190509	0.016	0.041	0.060	0.465	0.143	0.153	0.122	1905	09	1900	5
190510	0.008	0.021	0.069	0.487	0.186	0.112	0.117	1905	10	1900	5
190511	0.008	0.011	0.083	0.467	0.148	0.147	0.136	1905	11	1900	5
190512	0.008	0.019	0.075	0.482	0.166	0.143	0.107	1905	12	1900	5
190601	0.008	0.008	0.064	0.529	0.138	0.143	0.110	1906	01	1900	6
190602	0.008	0.009	0.061	0.588	0.162	0.076	0.097	1906	02	1900	6
190603	0.008	0.014	0.040	0.515	0.217	0.107	0.098	1906	03	1900	6
190604	0.016	0.013	0.059	0.546	0.173	0.083	0.110	1906	04	1900	6
190605	0.000	0.007	0.017	0.574	0.155	0.072	0.174	1906	05	1900	6
190606	0.000	0.006	0.023	0.558	0.152	0.077	0.184	1906	06	1900	6
190607	0.000	0.001	0.012	0.466	0.226	0.103	0.191	1906	07	1900	6
190608	0.000	0.008	0.010	0.375	0.208	0.178	0.222	1906	08	1900	6
190609	0.000	0.000	0.017	0.429	0.174	0.188	0.192	1906	09	1900	6
190610	0.000	0.000	0.008	0.447	0.206	0.216	0.123	1906	10	1900	6
190611	0.000	0.002	0.013	0.465	0.213	0.200	0.107	1906	11	1900	6
190612	0.000	0.002	0.014	0.493	0.138	0.226	0.128	1906	12	1900	6
190701	0.000	0.006	0.033	0.365	0.222	0.135	0.239	1907	01	1900	7
190702	0.000	0.010	0.033	0.482	0.130	0.161	0.185	1907	02	1900	7
190703	0.007	0.034	0.071	0.464	0.112	0.123	0.188	1907	03	1900	7
190704	0.000	0.016	0.024	0.568	0.107	0.130	0.154	1907	04	1900	7
190705	0.000	0.010	0.014	0.521	0.150	0.118	0.187	1907	05	1900	7
190706	0.000	0.006	0.015	0.529	0.143	0.098	0.209	1907	06	1900	7
190707	0.000	0.000	0.031	0.491	0.127	0.100	0.250	1907	07	1900	7
190708	0.000	0.012	0.031	0.475	0.154	0.091	0.238	1907	08	1900	7
190709	0.000	0.000	0.012	0.566	0.118	0.112	0.192	1907	09	1900	7
190710	0.000	0.000	0.017	0.584	0.143	0.092	0.163	1907	10	1900	7
190711	0.000	0.000	0.011	0.604	0.181	0.092	0.112	1907	11	1900	7
190712	0.000	0.000	0.001	0.625	0.209	0.063	0.101	1907	12	1900	7
190801	0.000	0.000	0.009	0.692	0.172	0.058	0.069	1908	01	1900	8
190802	0.000	0.000	0.006	0.638	0.218	0.078	0.059	1908	02	1900	8
190803	0.000	0.000	0.011	0.729	0.138	0.062	0.060	1908	03	1900	8
190804	0.000	0.000	0.027	0.733	0.126	0.067	0.047	1908	04	1900	8
190805	0.000	0.000	0.018	0.599	0.165	0.143	0.075	1908	05	1900	8
190806	0.000	0.000	0.027	0.684	0.098	0.099	0.092	1908	06	1900	8
190807	0.000	0.000	0.019	0.664	0.134	0.086	0.096	1908	07	1900	8
190808	0.000	0.000	0.030	0.606	0.157	0.087	0.120	1908	08	1900	8
190809	0.000	0.000	0.092	0.594	0.155	0.056	0.104	1908	09	1900	8
190810	0.002	0.042	0.090	0.531	0.128	0.075	0.132	1908	10	1900	8
190811	0.041	0.057	0.084	0.521	0.095	0.086	0.115	1908	11	1900	8
190812	0.059	0.048	0.092	0.558	0.111	0.049	0.083	1908	12	1900	8
190901	0.050	0.049	0.111	0.492	0.108	0.076	0.114	1909	01	1900	9
190902	0.007	0.030	0.084	0.529	0.149	0.058	0.143	1909	02	1900	9
190903	0.005	0.020	0.132	0.551	0.135	0.035	0.123	1909	03	1900	9
190904	0.000	0.016	0.130	0.580	0.133	0.024	0.116	1909	04	1900	9
190905	0.000	0.024	0.129	0.565	0.118	0.045	0.119	1909	05	1900	9
190906	0.000	0.039	0.109	0.513	0.166	0.059	0.114	1909	06	1900	9
190907	0.003	0.025	0.120	0.490	0.134	0.113	0.116	1909	07	1900	9
190908	0.004	0.026	0.121	0.532	0.109	0.067	0.141	1909	08	1900	9
190909	0.007	0.079	0.079	0.567	0.072	0.043	0.153	1909	09	1900	9
190910	0.006	0.084	0.082	0.565	0.099	0.044	0.119	1909	10	1900	9
190911	0.021	0.073	0.083	0.508	0.093	0.084	0.138	1909	11	1900	9
190912	0.023	0.025	0.113	0.471	0.102	0.106	0.160	1909	12	1900	9
191001	0.008	0.025	0.135	0.421	0.149	0.100	0.162	1910	01	1910	0
191002	0.003	0.020	0.120	0.600	0.081	0.044	0.133	1910	02	1910	0
191003	0.010	0.083	0.196	0.609	0.006	0.008	0.088	1910	03	1910	0
191004	0.009	0.072	0.202	0.615	0.006	0.029	0.067	1910	04	1910	0
191005	0.027	0.059	0.174	0.638	0.012	0.039	0.050	1910	05	1910	0
191006	0.045	0.073	0.296	0.484	0.035	0.044	0.023	1910	06	1910	0
191007	0.064	0.114	0.264	0.434	0.072	0.046	0.007	1910	07	1910	0
191008	0.073	0.158	0.258	0.385	0.082	0.044	0.000	1910	08	1910	0
191009	0.113	0.088	0.217	0.484	0.058	0.018	0.022	1910	09	1910	0
191010	0.122	0.113	0.149	0.498	0.082	0.014	0.022	1910	10	1910	0
191011	0.156	0.091	0.128	0.533	0.046	0.023	0.022	1910	11	1910	0
191012	0.140	0.106	0.162	0.524	0.045	0.015	0.007	1910	12	1910	0
191101	0.166	0.078	0.117	0.491	0.074	0.049	0.026	1911	01	1910	1
191102	0.105	0.113	0.126	0.480	0.121	0.041	0.013	1911	02	1910	1
191103	0.114	0.129	0.189	0.419	0.102	0.044	0.003	1911	03	1910	1
191104	0.099	0.092	0.147	0.511	0.089	0.059	0.003	1911	04	1910	1
191105	0.086	0.125	0.167	0.490	0.060	0.059	0.012	1911	05	1910	1
191106	0.131	0.152	0.160	0.397	0.076	0.045	0.038	1911	06	1910	1
191107	0.116	0.128	0.145	0.384	0.136	0.054	0.038	1911	07	1910	1
191108	0.066	0.090	0.099	0.637	0.045	0.036	0.027	1911	08	1910	1
191109	0.065	0.101	0.067	0.648	0.074	0.011	0.034	1911	09	1910	1
191110	0.028	0.093	0.067	0.620	0.100	0.056	0.036	1911	10	1910	1
191111	0.021	0.082	0.061	0.638	0.101	0.055	0.042	1911	11	1910	1
191112	0.003	0.020	0.068	0.718	0.085	0.063	0.042	1911	12	1910	1
191201	0.006	0.009	0.077	0.716	0.108	0.041	0.042	1912	01	1910	2
191202	0.003	0.018	0.098	0.674	0.130	0.035	0.043	1912	02	1910	2
191203	0.000	0.012	0.035	0.718	0.129	0.045	0.061	1912	03	1910	2
191204	0.000	0.008	0.026	0.666	0.169	0.062	0.069	1912	04	1910	2
191205	0.000	0.012	0.021	0.645	0.179	0.069	0.074	1912	05	1910	2
191206	0.000	0.017	0.034	0.600	0.191	0.083	0.075	1912	06	1910	2
191207	0.000	0.009	0.032	0.562	0.175	0.107	0.115	1912	07	1910	2
191208	0.000	0.000	0.032	0.542	0.155	0.126	0.145	1912	08	1910	2
191209	0.000	0.003	0.036	0.539	0.151	0.119	0.151	1912	09	1910	2
191210	0.000	0.003	0.028	0.572	0.132	0.106	0.159	1912	10	1910	2
191211	0.000	0.004	0.050	0.660	0.064	0.089	0.132	1912	11	1910	2
191212	0.000	0.006	0.067	0.662	0.074	0.076	0.115	1912	12	1910	2
191301	0.000	0.006	0.052	0.626	0.110	0.093	0.113	1913	01	1910	3
191302	0.000	0.008	0.041	0.685	0.113	0.060	0.094	1913	02	1910	3
191303	0.001	0.012	0.021	0.656	0.113	0.074	0.123	1913	03	1910	3
191304	0.000	0.012	0.034	0.753	0.066	0.054	0.082	1913	04	1910	3
191305	0.000	0.011	0.038	0.765	0.073	0.056	0.057	1913	05	1910	3
191306	0.008	0.011	0.055	0.737	0.047	0.079	0.063	1913	06	1910	3
191307	0.008	0.024	0.097	0.647	0.040	0.094	0.090	1913	07	1910	3
191308	0.025	0.067	0.163	0.539	0.052	0.067	0.087	1913	08	1910	3
191309	0.012	0.049	0.091	0.609	0.081	0.078	0.080	1913	09	1910	3
191310	0.003	0.028	0.088	0.622	0.088	0.100	0.071	1913	10	1910	3
191311	0.008	0.032	0.106	0.607	0.104	0.080	0.064	1913	11	1910	3
191312	0.012	0.046	0.080	0.570	0.115	0.066	0.110	1913	12	1910	3
191401	0.019	0.026	0.132	0.513	0.070	0.093	0.147	1914	01	1910	4
191402	0.015	0.018	0.087	0.579	0.097	0.048	0.156	1914	02	1910	4
191403	0.009	0.030	0.087	0.592	0.116	0.069	0.097	1914	03	1910	4
191404	0.008	0.030	0.081	0.580	0.076	0.137	0.088	1914	04	1910	4
191405	0.009	0.058	0.116	0.523	0.068	0.104	0.122	1914	05	1910	4
191406	0.027	0.067	0.137	0.409	0.141	0.083	0.134	1914	06	1910	4
191407	0.046	0.092	0.115	0.376	0.107	0.137	0.127	1914	07	1910	4
191408	0.033	0.056	0.132	0.430	0.103	0.142	0.105	1914	08	1910	4
191409	0.008	0.055	0.140	0.499	0.133	0.087	0.077	1914	09	1910	4
191410	0.005	0.052	0.127	0.525	0.132	0.082	0.076	1914	10	1910	4
191411	0.028	0.071	0.140	0.561	0.105	0.028	0.068	1914	11	1910	4
191412	0.028	0.043	0.125	0.573	0.136	0.044	0.051	1914	12	1910	4
191501	0.022	0.025	0.123	0.543	0.137	0.086	0.065	1915	01	1910	5
191502	0.010	0.030	0.103	0.571	0.134	0.087	0.065	1915	02	1910	5
191503	0.026	0.058	0.116	0.524	0.113	0.095	0.069	1915	03	1910	5
191504	0.044	0.095	0.139	0.430	0.076	0.056	0.161	1915	04	1910	5
191505	0.009	0.034	0.066	0.563	0.064	0.061	0.204	1915	05	1910	5
191506	0.002	0.030	0.054	0.531	0.106	0.073	0.204	1915	06	1910	5
191507	0.000	0.025	0.042	0.411	0.157	0.064	0.300	1915	07	1910	5
191508	0.000	0.034	0.043	0.375	0.114	0.095	0.339	1915	08	1910	5
191509	0.000	0.024	0.045	0.396	0.125	0.108	0.302	1915	09	1910	5
191510	0.000	0.020	0.047	0.485	0.137	0.112	0.199	1915	10	1910	5
191511	0.000	0.013	0.026	0.511	0.165	0.119	0.166	1915	11	1910	5
191512	0.000	0.012	0.013	0.532	0.134	0.138	0.171	1915	12	1910	5
191601	0.000	0.002	0.038	0.369	0.135	0.122	0.334	1916	01	1910	6
191602	0.000	0.004	0.040	0.468	0.170	0.097	0.221	1916	02	1910	6
191603	0.004	0.016	0.096	0.379	0.184	0.128	0.192	1916	03	1910	6
191604	0.000	0.020	0.089	0.429	0.171	0.129	0.162	1916	04	1910	6
191605	0.000	0.013	0.080	0.431	0.190	0.106	0.179	1916	05	1910	6
191606	0.000	0.020	0.092	0.396	0.151	0.156	0.184	1916	06	1910	6
191607	0.000	0.007	0.057	0.423	0.231	0.082	0.199	1916	07	1910	6
191608	0.000	0.000	0.047	0.518	0.142	0.090	0.203	1916	08	1910	6
191609	0.000	0.000	0.071	0.555	0.113	0.083	0.177	1916	09	1910	6
191610	0.000	0.007	0.059	0.557	0.100	0.087	0.189	1916	10	1910	6
191611	0.000	0.013	0.094	0.552	0.111	0.091	0.139	1916	11	1910	6
191612	0.000	0.019	0.112	0.533	0.096	0.085	0.155	1916	12	1910	6
191701	0.000	0.029	0.130	0.518	0.081	0.090	0.153	1917	01	1910	7
191702	0.007	0.063	0.140	0.457	0.121	0.070	0.142	1917	02	1910	7
191703	0.007	0.077	0.126	0.449	0.144	0.086	0.111	1917	03	1910	7
191704	0.007	0.054	0.112	0.483	0.092	0.109	0.143	1917	04	1910	7
191705	0.009	0.056	0.079	0.502	0.102	0.091	0.161	1917	05	1910	7
191706	0.042	0.063	0.046	0.553	0.070	0.067	0.159	1917	06	1910	7
191707	0.040	0.066	0.082	0.529	0.044	0.078	0.161	1917	07	1910	7
191708	0.047	0.028	0.073	0.662	0.025	0.042	0.123	1917	08	1910	7
191709	0.070	0.016	0.073	0.663	0.033	0.027	0.118	1917	09	1910	7
191710	0.070	0.033	0.088	0.629	0.044	0.059	0.077	1917	10	1910	7
191711	0.070	0.046	0.134	0.621	0.045	0.066	0.017	1917	11	1910	7
191712	0.081	0.054	0.155	0.596	0.057	0.040	0.017	1917	12	1910	7
191801	0.062	0.094	0.123	0.572	0.065	0.057	0.028	1918	01	1910	8
191802	0.072	0.079	0.164	0.544	0.062	0.064	0.015	1918	02	1910	8
191803	0.086	0.094	0.201	0.503	0.066	0.046	0.005	1918	03	1910	8
191804	0.058	0.056	0.166	0.607	0.061	0.039	0.013	1918	04	1910	8
191805	0.061	0.078	0.148	0.636	0.042	0.024	0.011	1918	05	1910	8
191806	0.068	0.103	0.224	0.542	0.035	0.017	0.011	1918	06	1910	8
191807	0.085	0.112	0.198	0.516	0.035	0.036	0.018	1918	07	1910	8
191808	0.093	0.114	0.184	0.511	0.045	0.034	0.018	1918	08	1910	8
191809	0.049	0.066	0.129	0.618	0.079	0.018	0.041	1918	09	1910	8
191810	0.000	0.017	0.073	0.810	0.063	0.019	0.016	1918	10	1910	8
191811	0.000	0.013	0.068	0.809	0.069	0.026	0.015	1918	11	1910	8
191812	0.000	0.019	0.058	0.759	0.131	0.014	0.019	1918	12	1910	8
191901	0.000	0.013	0.070	0.811	0.083	0.017	0.006	1919	01	1910	9
191902	0.000	0.002	0.028	0.812	0.136	0.022	0.000	1919	02	1910	9
191903	0.000	0.002	0.030	0.796	0.130	0.026	0.015	1919	03	1910	9
191904	0.000	0.002	0.035	0.771	0.093	0.069	0.030	1919	04	1910	9
191905	0.000	0.008	0.081	0.682	0.130	0.068	0.030	1919	05	1910	9
191906	0.022	0.052	0.099	0.582	0.094	0.077	0.074	1919	06	1910	9
191907	0.047	0.062	0.102	0.491	0.100	0.042	0.156	1919	07	1910	9
191908	0.083	0.068	0.096	0.495	0.080	0.032	0.147	1919	08	1910	9
191909	0.053	0.048	0.107	0.558	0.066	0.021	0.147	1919	09	1910	9
191910	0.000	0.013	0.097	0.630	0.073	0.028	0.158	1919	10	1910	9
191911	0.000	0.016	0.076	0.539	0.173	0.040	0.156	1919	11	1910	9
191912	0.002	0.004	0.110	0.582	0.113	0.038	0.150	1919	12	1910	9
192001	0.002	0.011	0.155	0.524	0.103	0.054	0.150	1920	01	1920	0
192002	0.005	0.115	0.029	0.588	0.079	0.056	0.129	1920	02	1920	0
192003	0.000	0.031	0.027	0.656	0.098	0.050	0.138	1920	03	1920	0
192004	0.000	0.000	0.026	0.580	0.163	0.106	0.126	1920	04	1920	0
192005	0.000	0.005	0.043	0.544	0.194	0.075	0.138	1920	05	1920	0
192006	0.000	0.004	0.042	0.524	0.185	0.125	0.120	1920	06	1920	0
192007	0.000	0.000	0.042	0.581	0.171	0.100	0.107	1920	07	1920	0
192008	0.000	0.000	0.021	0.545	0.158	0.109	0.167	1920	08	1920	0
192009	0.000	0.000	0.008	0.676	0.119	0.107	0.089	1920	09	1920	0
192010	0.000	0.007	0.026	0.685	0.093	0.060	0.130	1920	10	1920	0
192011	0.007	0.006	0.033	0.645	0.124	0.102	0.083	1920	11	1920	0
192012	0.002	0.009	0.031	0.627	0.161	0.112	0.058	1920	12	1920	0
192101	0.005	0.010	0.033	0.659	0.124	0.101	0.069	1921	01	1920	1
192102	0.006	0.014	0.046	0.673	0.135	0.092	0.034	1921	02	1920	1
192103	0.002	0.014	0.063	0.718	0.115	0.058	0.029	1921	03	1920	1
192104	0.000	0.011	0.087	0.733	0.080	0.059	0.030	1921	04	1920	1
192105	0.004	0.016	0.072	0.707	0.121	0.058	0.022	1921	05	1920	1
192106	0.005	0.039	0.103	0.661	0.073	0.084	0.035	1921	06	1920	1
192107	0.015	0.052	0.096	0.599	0.082	0.102	0.054	1921	07	1920	1
192108	0.005	0.040	0.097	0.691	0.052	0.061	0.054	1921	08	1920	1
192109	0.012	0.044	0.096	0.733	0.051	0.033	0.032	1921	09	1920	1
192110	0.006	0.049	0.146	0.728	0.027	0.012	0.032	1921	10	1920	1
192111	0.011	0.038	0.177	0.699	0.044	0.015	0.016	1921	11	1920	1
192112	0.020	0.058	0.191	0.601	0.088	0.013	0.029	1921	12	1920	1
192201	0.012	0.027	0.159	0.697	0.064	0.011	0.029	1922	01	1920	2
192202	0.002	0.023	0.129	0.738	0.068	0.018	0.022	1922	02	1920	2
192203	0.000	0.006	0.077	0.777	0.098	0.019	0.022	1922	03	1920	2
192204	0.002	0.013	0.059	0.705	0.170	0.019	0.032	1922	04	1920	2
192205	0.002	0.009	0.058	0.686	0.180	0.043	0.022	1922	05	1920	2
192206	0.000	0.012	0.069	0.667	0.150	0.076	0.026	1922	06	1920	2
192207	0.005	0.025	0.069	0.590	0.190	0.097	0.025	1922	07	1920	2
192208	0.026	0.040	0.071	0.610	0.125	0.118	0.010	1922	08	1920	2
192209	0.041	0.055	0.093	0.697	0.096	0.017	0.001	1922	09	1920	2
192210	0.047	0.059	0.113	0.701	0.076	0.005	0.000	1922	10	1920	2
192211	0.031	0.066	0.143	0.646	0.096	0.018	0.000	1922	11	1920	2
192212	0.026	0.069	0.118	0.664	0.108	0.014	0.000	1922	12	1920	2
192301	0.023	0.052	0.119	0.692	0.079	0.034	0.000	1923	01	1920	3
192302	0.012	0.052	0.113	0.723	0.089	0.010	0.000	1923	02	1920	3
192303	0.014	0.036	0.110	0.750	0.070	0.021	0.000	1923	03	1920	3
192304	0.013	0.036	0.061	0.748	0.104	0.033	0.006	1923	04	1920	3
192305	0.013	0.033	0.063	0.753	0.088	0.050	0.000	1923	05	1920	3
192306	0.012	0.024	0.076	0.670	0.149	0.053	0.016	1923	06	1920	3
192307	0.012	0.033	0.049	0.629	0.146	0.070	0.061	1923	07	1920	3
192308	0.014	0.025	0.042	0.611	0.119	0.092	0.097	1923	08	1920	3
192309	0.014	0.026	0.036	0.640	0.098	0.080	0.106	1923	09	1920	3
192310	0.018	0.020	0.032	0.608	0.133	0.062	0.127	1923	10	1920	3
192311	0.025	0.027	0.054	0.602	0.119	0.062	0.112	1923	11	1920	3
192312	0.024	0.026	0.068	0.510	0.145	0.124	0.104	1923	12	1920	3
192401	0.022	0.035	0.077	0.519	0.153	0.118	0.076	1924	01	1920	4
192402	0.020	0.040	0.102	0.558	0.099	0.103	0.078	1924	02	1920	4
192403	0.026	0.083	0.042	0.534	0.118	0.105	0.093	1924	03	1920	4
192404	0.019	0.073	0.048	0.574	0.133	0.090	0.062	1924	04	1920	4
192405	0.074	0.049	0.069	0.564	0.145	0.043	0.057	1924	05	1920	4
192406	0.110	0.036	0.052	0.581	0.139	0.041	0.041	1924	06	1920	4
192407	0.117	0.040	0.051	0.601	0.109	0.038	0.043	1924	07	1920	4
192408	0.111	0.065	0.093	0.579	0.090	0.034	0.029	1924	08	1920	4
192409	0.108	0.071	0.084	0.509	0.138	0.057	0.033	1924	09	1920	4
192410	0.023	0.069	0.127	0.655	0.051	0.048	0.027	1924	10	1920	4
192411	0.030	0.099	0.184	0.597	0.048	0.023	0.020	1924	11	1920	4
192412	0.013	0.079	0.153	0.651	0.055	0.024	0.024	1924	12	1920	4
192501	0.001	0.067	0.180	0.639	0.051	0.037	0.024	1925	01	1920	5
192502	0.016	0.083	0.216	0.610	0.045	0.019	0.011	1925	02	1920	5
192503	0.027	0.119	0.259	0.543	0.035	0.012	0.006	1925	03	1920	5
192504	0.056	0.139	0.248	0.514	0.025	0.012	0.006	1925	04	1920	5
192505	0.069	0.169	0.306	0.427	0.023	0.006	0.000	1925	05	1920	5
192506	0.122	0.142	0.204	0.465	0.056	0.004	0.006	1925	06	1920	5
192507	0.120	0.106	0.177	0.537	0.042	0.012	0.006	1925	07	1920	5
192508	0.156	0.120	0.122	0.541	0.045	0.008	0.006	1925	08	1920	5
192509	0.110	0.092	0.083	0.626	0.069	0.014	0.006	1925	09	1920	5
192510	0.050	0.086	0.081	0.629	0.115	0.015	0.024	1925	10	1920	5
192511	0.033	0.086	0.076	0.653	0.107	0.024	0.021	1925	11	1920	5
192512	0.034	0.096	0.090	0.687	0.054	0.022	0.017	1925	12	1920	5
192601	0.016	0.056	0.122	0.664	0.103	0.022	0.017	1926	01	1920	6
192602	0.001	0.049	0.142	0.703	0.073	0.015	0.017	1926	02	1920	6
192603	0.024	0.039	0.162	0.661	0.044	0.058	0.011	1926	03	1920	6
192604	0.042	0.076	0.124	0.590	0.111	0.034	0.023	1926	04	1920	6
192605	0.066	0.078	0.160	0.490	0.134	0.050	0.023	1926	05	1920	6
192606	0.086	0.065	0.172	0.515	0.117	0.023	0.023	1926	06	1920	6
192607	0.097	0.073	0.172	0.470	0.073	0.086	0.028	1926	07	1920	6
192608	0.054	0.056	0.090	0.647	0.106	0.019	0.028	1926	08	1920	6
192609	0.050	0.045	0.072	0.611	0.139	0.059	0.024	1926	09	1920	6
192610	0.036	0.044	0.079	0.597	0.146	0.063	0.034	1926	10	1920	6
192611	0.017	0.049	0.048	0.615	0.158	0.074	0.039	1926	11	1920	6
192612	0.019	0.040	0.045	0.606	0.191	0.073	0.026	1926	12	1920	6
192701	0.024	0.043	0.059	0.640	0.148	0.064	0.021	1927	01	1920	7
192702	0.021	0.041	0.038	0.633	0.185	0.063	0.018	1927	02	1920	7
192703	0.011	0.040	0.076	0.625	0.192	0.029	0.026	1927	03	1920	7
192704	0.016	0.045	0.047	0.586	0.151	0.111	0.043	1927	04	1920	7
192705	0.031	0.052	0.063	0.473	0.188	0.106	0.087	1927	05	1920	7
192706	0.012	0.052	0.061	0.501	0.183	0.082	0.109	1927	06	1920	7
192707	0.011	0.044	0.046	0.540	0.162	0.066	0.130	1927	07	1920	7
192708	0.008	0.047	0.094	0.489	0.138	0.073	0.151	1927	08	1920	7
192709	0.022	0.054	0.078	0.456	0.147	0.101	0.142	1927	09	1920	7
192710	0.022	0.028	0.095	0.509	0.126	0.083	0.137	1927	10	1920	7
192711	0.026	0.029	0.105	0.466	0.104	0.101	0.169	1927	11	1920	7
192712	0.009	0.021	0.102	0.536	0.077	0.087	0.168	1927	12	1920	7
192801	0.016	0.023	0.126	0.541	0.088	0.076	0.130	1928	01	1920	8
192802	0.007	0.044	0.045	0.652	0.084	0.079	0.088	1928	02	1920	8
192803	0.007	0.032	0.083	0.647	0.107	0.047	0.077	1928	03	1920	8
192804	0.000	0.023	0.059	0.688	0.112	0.050	0.068	1928	04	1920	8
192805	0.000	0.043	0.089	0.726	0.056	0.048	0.038	1928	05	1920	8
192806	0.023	0.017	0.103	0.511	0.178	0.089	0.079	1928	06	1920	8
192807	0.033	0.035	0.104	0.476	0.167	0.083	0.101	1928	07	1920	8
192808	0.033	0.035	0.118	0.467	0.109	0.118	0.120	1928	08	1920	8
192809	0.033	0.062	0.096	0.502	0.121	0.061	0.124	1928	09	1920	8
192810	0.033	0.021	0.124	0.532	0.111	0.087	0.092	1928	10	1920	8
192811	0.033	0.008	0.124	0.515	0.149	0.089	0.081	1928	11	1920	8
192812	0.023	0.032	0.145	0.528	0.148	0.069	0.055	1928	12	1920	8
192901	0.023	0.034	0.128	0.524	0.140	0.097	0.054	1929	01	1920	9
192902	0.023	0.065	0.107	0.511	0.149	0.093	0.053	1929	02	1920	9
192903	0.014	0.078	0.114	0.506	0.148	0.087	0.052	1929	03	1920	9
192904	0.000	0.032	0.109	0.559	0.142	0.097	0.062	1929	04	1920	9
192905	0.000	0.053	0.115	0.521	0.123	0.096	0.092	1929	05	1920	9
192906	0.000	0.037	0.135	0.600	0.080	0.072	0.076	1929	06	1920	9
192907	0.012	0.045	0.092	0.594	0.122	0.084	0.051	1929	07	1920	9
192908	0.002	0.062	0.128	0.617	0.097	0.044	0.050	1929	08	1920	9
192909	0.000	0.083	0.058	0.632	0.113	0.054	0.059	1929	09	1920	9
192910	0.014	0.076	0.072	0.592	0.099	0.072	0.074	1929	10	1920	9
192911	0.056	0.059	0.094	0.535	0.102	0.071	0.083	1929	11	1920	9
192912	0.031	0.067	0.096	0.639	0.081	0.030	0.056	1929	12	1920	9
193001	0.035	0.051	0.066	0.654	0.088	0.046	0.059	1930	01	1930	0
193002	0.019	0.055	0.053	0.784	0.045	0.015	0.028	1930	02	1930	0
193003	0.021	0.039	0.095	0.765	0.044	0.008	0.028	1930	03	1930	0
193004	0.021	0.056	0.167	0.688	0.037	0.031	0.000	1930	04	1930	0
193005	0.001	0.027	0.205	0.688	0.046	0.029	0.004	1930	05	1930	0
193006	0.003	0.056	0.244	0.625	0.044	0.029	0.000	1930	06	1930	0
193007	0.027	0.149	0.255	0.472	0.056	0.041	0.000	1930	07	1930	0
193008	0.053	0.174	0.257	0.387	0.064	0.036	0.029	1930	08	1930	0
193009	0.071	0.116	0.326	0.356	0.079	0.033	0.019	1930	09	1930	0
193010	0.084	0.075	0.183	0.537	0.068	0.033	0.019	1930	10	1930	0
193011	0.106	0.072	0.120	0.591	0.052	0.026	0.033	1930	11	1930	0
193012	0.126	0.099	0.122	0.585	0.034	0.026	0.008	1930	12	1930	0
193101	0.147	0.099	0.161	0.506	0.048	0.036	0.003	1931	01	1930	1
193102	0.182	0.081	0.190	0.423	0.075	0.046	0.003	1931	02	1930	1
193103	0.156	0.094	0.191	0.426	0.053	0.076	0.003	1931	03	1930	1
193104	0.142	0.116	0.215	0.387	0.062	0.041	0.037	1931	04	1930	1
193105	0.147	0.146	0.189	0.398	0.041	0.039	0.041	1931	05	1930	1
193106	0.194	0.152	0.189	0.361	0.035	0.026	0.041	1931	06	1930	1
193107	0.225	0.126	0.169	0.366	0.045	0.036	0.034	1931	07	1930	1
193108	0.224	0.094	0.172	0.389	0.039	0.020	0.062	1931	08	1930	1
193109	0.183	0.127	0.218	0.357	0.069	0.009	0.037	1931	09	1930	1
193110	0.176	0.122	0.197	0.415	0.053	0.013	0.025	1931	10	1930	1
193111	0.123	0.153	0.119	0.482	0.057	0.037	0.029	1931	11	1930	1
193112	0.091	0.102	0.094	0.572	0.066	0.039	0.037	1931	12	1930	1
193201	0.056	0.086	0.103	0.508	0.158	0.049	0.039	1932	01	1930	2
193202	0.054	0.091	0.075	0.539	0.121	0.057	0.062	1932	02	1930	2
193203	0.031	0.070	0.062	0.656	0.081	0.064	0.036	1932	03	1930	2
193204	0.026	0.058	0.104	0.663	0.068	0.049	0.032	1932	04	1930	2
193205	0.023	0.062	0.102	0.679	0.055	0.025	0.054	1932	05	1930	2
193206	0.009	0.063	0.104	0.664	0.068	0.038	0.054	1932	06	1930	2
193207	0.019	0.066	0.117	0.620	0.074	0.036	0.068	1932	07	1930	2
193208	0.017	0.072	0.107	0.603	0.095	0.023	0.083	1932	08	1930	2
193209	0.035	0.090	0.107	0.619	0.040	0.030	0.079	1932	09	1930	2
193210	0.013	0.050	0.117	0.649	0.077	0.025	0.069	1932	10	1930	2
193211	0.008	0.047	0.126	0.646	0.090	0.060	0.023	1932	11	1930	2
193212	0.008	0.035	0.116	0.652	0.090	0.058	0.041	1932	12	1930	2
193301	0.011	0.042	0.086	0.750	0.045	0.062	0.004	1933	01	1930	3
193302	0.012	0.049	0.094	0.742	0.048	0.055	0.000	1933	02	1930	3
193303	0.019	0.042	0.085	0.771	0.075	0.007	0.001	1933	03	1930	3
193304	0.012	0.006	0.106	0.771	0.082	0.018	0.004	1933	04	1930	3
193305	0.008	0.010	0.064	0.751	0.133	0.016	0.017	1933	05	1930	3
193306	0.022	0.040	0.163	0.723	0.028	0.013	0.011	1933	06	1930	3
193307	0.038	0.076	0.166	0.664	0.036	0.013	0.008	1933	07	1930	3
193308	0.030	0.085	0.155	0.690	0.023	0.011	0.006	1933	08	1930	3
193309	0.050	0.086	0.189	0.630	0.034	0.008	0.004	1933	09	1930	3
193310	0.059	0.072	0.245	0.598	0.022	0.003	0.001	1933	10	1930	3
193311	0.067	0.138	0.285	0.497	0.010	0.001	0.001	1933	11	1930	3
193312	0.080	0.161	0.249	0.470	0.027	0.006	0.008	1933	12	1930	3
193401	0.108	0.186	0.220	0.449	0.016	0.014	0.008	1934	01	1930	4
193402	0.129	0.164	0.242	0.463	0.001	0.000	0.001	1934	02	1930	4
193403	0.162	0.134	0.253	0.444	0.006	0.000	0.001	1934	03	1930	4
193404	0.227	0.175	0.235	0.357	0.005	0.000	0.001	1934	04	1930	4
193405	0.337	0.169	0.235	0.250	0.007	0.001	0.001	1934	05	1930	4
193406	0.369	0.193	0.197	0.229	0.005	0.004	0.003	1934	06	1930	4
193407	0.440	0.186	0.170	0.198	0.005	0.001	0.000	1934	07	1930	4
193408	0.467	0.159	0.145	0.223	0.006	0.000	0.000	1934	08	1930	4
193409	0.389	0.156	0.130	0.310	0.015	0.001	0.000	1934	09	1930	4
193410	0.395	0.143	0.101	0.349	0.010	0.001	0.001	1934	10	1930	4
193411	0.336	0.102	0.094	0.444	0.024	0.000	0.000	1934	11	1930	4
193412	0.322	0.115	0.098	0.444	0.021	0.000	0.000	1934	12	1930	4
193501	0.300	0.095	0.098	0.476	0.021	0.009	0.000	1935	01	1930	5
193502	0.284	0.127	0.085	0.482	0.023	0.000	0.000	1935	02	1930	5
193503	0.251	0.136	0.056	0.530	0.024	0.003	0.000	1935	03	1930	5
193504	0.146	0.148	0.053	0.599	0.049	0.005	0.000	1935	04	1930	5
193505	0.057	0.135	0.114	0.517	0.149	0.028	0.000	1935	05	1930	5
193506	0.051	0.112	0.142	0.458	0.145	0.071	0.020	1935	06	1930	5
193507	0.066	0.099	0.123	0.520	0.125	0.051	0.017	1935	07	1930	5
193508	0.075	0.080	0.127	0.546	0.132	0.025	0.016	1935	08	1930	5
193509	0.058	0.102	0.160	0.531	0.085	0.046	0.017	1935	09	1930	5
193510	0.061	0.098	0.185	0.564	0.053	0.027	0.012	1935	10	1930	5
193511	0.053	0.090	0.184	0.581	0.054	0.025	0.014	1935	11	1930	5
193512	0.069	0.084	0.201	0.574	0.033	0.026	0.012	1935	12	1930	5
193601	0.040	0.063	0.119	0.696	0.060	0.008	0.013	1936	01	1930	6
193602	0.020	0.030	0.148	0.649	0.117	0.034	0.002	1936	02	1930	6
193603	0.012	0.056	0.150	0.662	0.075	0.040	0.004	1936	03	1930	6
193604	0.015	0.074	0.189	0.628	0.053	0.037	0.004	1936	04	1930	6
193605	0.029	0.110	0.212	0.606	0.017	0.020	0.006	1936	05	1930	6
193606	0.072	0.188	0.204	0.487	0.027	0.022	0.000	1936	06	1930	6
193607	0.188	0.194	0.168	0.406	0.012	0.013	0.019	1936	07	1930	6
193608	0.277	0.150	0.126	0.398	0.016	0.026	0.007	1936	08	1930	6
193609	0.208	0.120	0.114	0.496	0.044	0.000	0.019	1936	09	1930	6
193610	0.181	0.107	0.111	0.501	0.075	0.006	0.019	1936	10	1930	6
193611	0.203	0.112	0.133	0.515	0.018	0.000	0.019	1936	11	1930	6
193612	0.163	0.115	0.110	0.533	0.058	0.009	0.012	1936	12	1930	6
193701	0.119	0.101	0.115	0.446	0.145	0.058	0.016	1937	01	1930	7
193702	0.097	0.105	0.084	0.565	0.108	0.037	0.005	1937	02	1930	7
193703	0.095	0.083	0.106	0.583	0.077	0.040	0.016	1937	03	1930	7
193704	0.076	0.075	0.090	0.642	0.069	0.048	0.000	1937	04	1930	7
193705	0.107	0.069	0.073	0.651	0.061	0.020	0.020	1937	05	1930	7
193706	0.083	0.069	0.132	0.551	0.109	0.035	0.021	1937	06	1930	7
193707	0.091	0.071	0.114	0.577	0.078	0.023	0.048	1937	07	1930	7
193708	0.120	0.057	0.111	0.599	0.044	0.047	0.022	1937	08	1930	7
193709	0.121	0.064	0.131	0.584	0.043	0.043	0.014	1937	09	1930	7
193710	0.112	0.069	0.069	0.610	0.094	0.030	0.016	1937	10	1930	7
193711	0.099	0.078	0.077	0.647	0.060	0.037	0.003	1937	11	1930	7
193712	0.070	0.075	0.086	0.695	0.038	0.036	0.000	1937	12	1930	7
193801	0.062	0.084	0.058	0.716	0.058	0.021	0.000	1938	01	1930	8
193802	0.041	0.070	0.086	0.642	0.136	0.023	0.002	1938	02	1930	8
193803	0.046	0.053	0.111	0.585	0.100	0.068	0.037	1938	03	1930	8
193804	0.032	0.053	0.073	0.683	0.076	0.058	0.025	1938	04	1930	8
193805	0.009	0.018	0.086	0.731	0.082	0.047	0.027	1938	05	1930	8
193806	0.009	0.028	0.068	0.707	0.112	0.039	0.037	1938	06	1930	8
193807	0.009	0.024	0.052	0.640	0.182	0.057	0.037	1938	07	1930	8
193808	0.027	0.018	0.092	0.704	0.084	0.033	0.042	1938	08	1930	8
193809	0.013	0.033	0.112	0.642	0.096	0.047	0.057	1938	09	1930	8
193810	0.025	0.065	0.145	0.615	0.074	0.039	0.038	1938	10	1930	8
193811	0.018	0.064	0.147	0.639	0.069	0.037	0.026	1938	11	1930	8
193812	0.020	0.078	0.189	0.593	0.066	0.031	0.023	1938	12	1930	8
193901	0.013	0.062	0.163	0.645	0.072	0.020	0.025	1939	01	1930	9
193902	0.008	0.036	0.129	0.653	0.111	0.055	0.008	1939	02	1930	9
193903	0.011	0.041	0.154	0.699	0.053	0.041	0.000	1939	03	1930	9
193904	0.013	0.066	0.177	0.649	0.059	0.034	0.002	1939	04	1930	9
193905	0.035	0.091	0.161	0.673	0.021	0.019	0.000	1939	05	1930	9
193906	0.029	0.100	0.157	0.647	0.035	0.028	0.003	1939	06	1930	9
193907	0.060	0.081	0.196	0.614	0.025	0.024	0.000	1939	07	1930	9
193908	0.078	0.097	0.188	0.571	0.037	0.029	0.000	1939	08	1930	9
193909	0.084	0.121	0.236	0.505	0.015	0.004	0.036	1939	09	1930	9
193910	0.086	0.162	0.185	0.552	0.006	0.000	0.009	1939	10	1930	9
193911	0.123	0.197	0.263	0.408	0.000	0.005	0.004	1939	11	1930	9
193912	0.145	0.191	0.285	0.374	0.000	0.000	0.004	1939	12	1930	9
194001	0.117	0.227	0.224	0.424	0.004	0.000	0.004	1940	01	1940	0
194002	0.077	0.149	0.237	0.476	0.057	0.000	0.004	1940	02	1940	0
194003	0.067	0.167	0.213	0.489	0.048	0.011	0.004	1940	03	1940	0
194004	0.041	0.096	0.124	0.676	0.058	0.002	0.004	1940	04	1940	0
194005	0.055	0.090	0.166	0.663	0.021	0.000	0.004	1940	05	1940	0
194006	0.074	0.092	0.178	0.589	0.061	0.002	0.004	1940	06	1940	0
194007	0.080	0.138	0.192	0.508	0.062	0.015	0.004	1940	07	1940	0
194008	0.093	0.122	0.149	0.502	0.072	0.049	0.013	1940	08	1940	0
194009	0.067	0.080	0.143	0.635	0.062	0.003	0.010	1940	09	1940	0
194010	0.063	0.092	0.130	0.665	0.034	0.005	0.010	1940	10	1940	0
194011	0.048	0.052	0.099	0.680	0.062	0.051	0.009	1940	11	1940	0
194012	0.035	0.060	0.113	0.609	0.117	0.031	0.034	1940	12	1940	0
194101	0.017	0.072	0.104	0.634	0.107	0.057	0.009	1941	01	1940	1
194102	0.025	0.090	0.116	0.555	0.119	0.064	0.031	1941	02	1940	1
194103	0.044	0.099	0.103	0.505	0.103	0.066	0.080	1941	03	1940	1
194104	0.048	0.056	0.160	0.405	0.087	0.089	0.155	1941	04	1940	1
194105	0.062	0.117	0.132	0.374	0.048	0.077	0.189	1941	05	1940	1
194106	0.048	0.072	0.129	0.384	0.069	0.069	0.229	1941	06	1940	1
194107	0.027	0.062	0.127	0.384	0.094	0.052	0.254	1941	07	1940	1
194108	0.029	0.062	0.112	0.344	0.112	0.093	0.248	1941	08	1940	1
194109	0.025	0.061	0.081	0.338	0.121	0.098	0.276	1941	09	1940	1
194110	0.008	0.079	0.056	0.262	0.172	0.094	0.329	1941	10	1940	1
194111	0.032	0.075	0.054	0.311	0.167	0.085	0.276	1941	11	1940	1
194112	0.036	0.050	0.051	0.315	0.170	0.119	0.259	1941	12	1940	1
194201	0.033	0.066	0.044	0.389	0.199	0.078	0.191	1942	01	1940	2
194202	0.017	0.069	0.051	0.396	0.188	0.097	0.181	1942	02	1940	2
194203	0.000	0.050	0.065	0.465	0.185	0.059	0.176	1942	03	1940	2
194204	0.024	0.045	0.063	0.443	0.140	0.068	0.216	1942	04	1940	2
194205	0.017	0.029	0.038	0.483	0.105	0.134	0.194	1942	05	1940	2
194206	0.009	0.018	0.022	0.441	0.150	0.175	0.185	1942	06	1940	2
194207	0.013	0.013	0.020	0.470	0.166	0.157	0.161	1942	07	1940	2
194208	0.002	0.015	0.019	0.495	0.190	0.111	0.169	1942	08	1940	2
194209	0.002	0.008	0.029	0.493	0.199	0.116	0.153	1942	09	1940	2
194210	0.000	0.005	0.057	0.562	0.117	0.107	0.152	1942	10	1940	2
194211	0.002	0.008	0.070	0.526	0.190	0.099	0.105	1942	11	1940	2
194212	0.000	0.018	0.058	0.503	0.183	0.129	0.108	1942	12	1940	2
194301	0.002	0.012	0.065	0.567	0.164	0.122	0.067	1943	01	1940	3
194302	0.002	0.027	0.093	0.583	0.143	0.095	0.057	1943	02	1940	3
194303	0.000	0.011	0.066	0.614	0.146	0.102	0.060	1943	03	1940	3
194304	0.000	0.016	0.073	0.651	0.170	0.064	0.027	1943	04	1940	3
194305	0.008	0.014	0.090	0.578	0.165	0.101	0.044	1943	05	1940	3
194306	0.005	0.018	0.087	0.562	0.134	0.151	0.045	1943	06	1940	3
194307	0.014	0.036	0.091	0.573	0.124	0.108	0.055	1943	07	1940	3
194308	0.011	0.057	0.107	0.587	0.124	0.069	0.045	1943	08	1940	3
194309	0.005	0.048	0.126	0.704	0.069	0.028	0.020	1943	09	1940	3
194310	0.006	0.036	0.165	0.664	0.081	0.033	0.015	1943	10	1940	3
194311	0.005	0.048	0.183	0.674	0.059	0.017	0.014	1943	11	1940	3
194312	0.004	0.059	0.174	0.691	0.056	0.016	0.000	1943	12	1940	3
194401	0.021	0.060	0.185	0.644	0.077	0.013	0.000	1944	01	1940	4
194402	0.009	0.036	0.136	0.740	0.059	0.020	0.000	1944	02	1940	4
194403	0.010	0.033	0.111	0.724	0.093	0.029	0.000	1944	03	1940	4
194404	0.008	0.012	0.087	0.658	0.147	0.073	0.014	1944	04	1940	4
194405	0.008	0.020	0.112	0.634	0.124	0.061	0.039	1944	05	1940	4
194406	0.000	0.032	0.058	0.624	0.153	0.064	0.069	1944	06	1940	4
194407	0.012	0.042	0.100	0.555	0.130	0.083	0.079	1944	07	1940	4
194408	0.005	0.056	0.090	0.558	0.111	0.071	0.110	1944	08	1940	4
194409	0.000	0.036	0.112	0.593	0.119	0.090	0.049	1944	09	1940	4
194410	0.014	0.040	0.140	0.628	0.073	0.084	0.021	1944	10	1940	4
194411	0.016	0.060	0.083	0.609	0.117	0.051	0.064	1944	11	1940	4
194412	0.038	0.058	0.087	0.606	0.101	0.085	0.026	1944	12	1940	4
194501	0.048	0.056	0.092	0.628	0.095	0.053	0.028	1945	01	1940	5
194502	0.031	0.018	0.029	0.718	0.099	0.087	0.017	1945	02	1940	5
194503	0.026	0.012	0.050	0.640	0.145	0.095	0.031	1945	03	1940	5
194504	0.015	0.010	0.030	0.634	0.152	0.121	0.037	1945	04	1940	5
194505	0.004	0.024	0.021	0.652	0.134	0.134	0.031	1945	05	1940	5
194506	0.004	0.014	0.062	0.535	0.171	0.107	0.107	1945	06	1940	5
194507	0.000	0.009	0.043	0.518	0.171	0.139	0.120	1945	07	1940	5
194508	0.000	0.009	0.032	0.557	0.119	0.115	0.167	1945	08	1940	5
194509	0.000	0.011	0.034	0.484	0.158	0.177	0.137	1945	09	1940	5
194510	0.000	0.000	0.047	0.603	0.148	0.080	0.122	1945	10	1940	5
194511	0.000	0.008	0.040	0.635	0.139	0.107	0.070	1945	11	1940	5
194512	0.000	0.011	0.036	0.649	0.172	0.087	0.045	1945	12	1940	5
194601	0.000	0.000	0.035	0.667	0.181	0.080	0.037	1946	01	1940	6
194602	0.000	0.000	0.065	0.687	0.141	0.074	0.033	1946	02	1940	6
194603	0.000	0.000	0.073	0.722	0.130	0.044	0.031	1946	03	1940	6
194604	0.000	0.008	0.134	0.744	0.076	0.029	0.009	1946	04	1940	6
194605	0.000	0.020	0.128	0.689	0.083	0.052	0.028	1946	05	1940	6
194606	0.000	0.052	0.122	0.672	0.098	0.044	0.012	1946	06	1940	6
194607	0.007	0.069	0.104	0.657	0.089	0.065	0.010	1946	07	1940	6
194608	0.000	0.037	0.107	0.691	0.084	0.070	0.011	1946	08	1940	6
194609	0.002	0.007	0.101	0.696	0.122	0.060	0.012	1946	09	1940	6
194610	0.000	0.009	0.066	0.651	0.139	0.090	0.046	1946	10	1940	6
194611	0.000	0.013	0.039	0.559	0.202	0.095	0.092	1946	11	1940	6
194612	0.001	0.005	0.052	0.598	0.171	0.108	0.065	1946	12	1940	6
194701	0.000	0.017	0.040	0.647	0.148	0.113	0.035	1947	01	1940	7
194702	0.000	0.021	0.066	0.695	0.130	0.063	0.025	1947	02	1940	7
194703	0.000	0.013	0.115	0.651	0.156	0.046	0.019	1947	03	1940	7
194704	0.000	0.045	0.083	0.619	0.173	0.054	0.026	1947	04	1940	7
194705	0.004	0.069	0.060	0.589	0.165	0.079	0.034	1947	05	1940	7
194706	0.000	0.056	0.045	0.538	0.138	0.108	0.115	1947	06	1940	7
194707	0.039	0.037	0.042	0.624	0.097	0.070	0.091	1947	07	1940	7
194708	0.021	0.022	0.062	0.677	0.083	0.036	0.098	1947	08	1940	7
194709	0.027	0.027	0.110	0.627	0.081	0.074	0.054	1947	09	1940	7
194710	0.017	0.040	0.202	0.499	0.123	0.070	0.048	1947	10	1940	7
194711	0.011	0.033	0.127	0.544	0.133	0.091	0.063	1947	11	1940	7
194712	0.013	0.048	0.092	0.613	0.118	0.048	0.068	1947	12	1940	7
194801	0.018	0.056	0.107	0.604	0.112	0.036	0.067	1948	01	1940	8
194802	0.012	0.050	0.084	0.646	0.103	0.059	0.046	1948	02	1940	8
194803	0.000	0.038	0.040	0.718	0.084	0.060	0.060	1948	03	1940	8
194804	0.000	0.024	0.064	0.699	0.108	0.052	0.052	1948	04	1940	8
194805	0.008	0.019	0.079	0.679	0.105	0.060	0.050	1948	05	1940	8
194806	0.009	0.020	0.078	0.661	0.116	0.065	0.050	1948	06	1940	8
194807	0.009	0.023	0.112	0.557	0.146	0.087	0.066	1948	07	1940	8
194808	0.015	0.035	0.118	0.575	0.106	0.093	0.059	1948	08	1940	8
194809	0.024	0.079	0.088	0.635	0.093	0.033	0.047	1948	09	1940	8
194810	0.032	0.083	0.103	0.639	0.073	0.041	0.029	1948	10	1940	8
194811	0.027	0.063	0.131	0.553	0.122	0.062	0.043	1948	11	1940	8
194812	0.017	0.068	0.096	0.588	0.132	0.055	0.044	1948	12	1940	8
194901	0.010	0.020	0.038	0.650	0.204	0.064	0.013	1949	01	1940	9
194902	0.010	0.016	0.041	0.672	0.179	0.065	0.018	1949	02	1940	9
194903	0.000	0.022	0.044	0.718	0.154	0.053	0.010	1949	03	1940	9
194904	0.011	0.010	0.071	0.735	0.153	0.012	0.007	1949	04	1940	9
194905	0.007	0.018	0.047	0.749	0.144	0.028	0.007	1949	05	1940	9
194906	0.003	0.014	0.092	0.619	0.177	0.071	0.024	1949	06	1940	9
194907	0.003	0.014	0.110	0.582	0.163	0.082	0.046	1949	07	1940	9
194908	0.012	0.039	0.108	0.626	0.135	0.036	0.044	1949	08	1940	9
194909	0.012	0.030	0.102	0.672	0.121	0.024	0.039	1949	09	1940	9
194910	0.006	0.034	0.092	0.659	0.133	0.043	0.034	1949	10	1940	9
194911	0.022	0.048	0.120	0.751	0.045	0.014	0.000	1949	11	1940	9
194912	0.019	0.051	0.124	0.737	0.058	0.012	0.000	1949	12	1940	9
195001	0.010	0.032	0.075	0.738	0.071	0.050	0.023	1950	01	1950	0
195002	0.002	0.045	0.122	0.660	0.085	0.052	0.032	1950	02	1950	0
195003	0.000	0.019	0.196	0.597	0.104	0.059	0.026	1950	03	1950	0
195004	0.000	0.036	0.194	0.592	0.094	0.057	0.027	1950	04	1950	0
195005	0.000	0.100	0.151	0.579	0.088	0.044	0.037	1950	05	1950	0
195006	0.009	0.086	0.147	0.592	0.094	0.035	0.036	1950	06	1950	0
195007	0.004	0.050	0.068	0.576	0.203	0.058	0.041	1950	07	1950	0
195008	0.020	0.031	0.144	0.486	0.141	0.125	0.054	1950	08	1950	0
195009	0.004	0.032	0.133	0.529	0.105	0.110	0.086	1950	09	1950	0
195010	0.009	0.093	0.106	0.562	0.099	0.096	0.035	1950	10	1950	0
195011	0.009	0.083	0.118	0.520	0.144	0.082	0.044	1950	11	1950	0
195012	0.061	0.072	0.125	0.477	0.166	0.078	0.021	1950	12	1950	0
195101	0.046	0.080	0.132	0.478	0.156	0.077	0.031	1951	01	1950	1
195102	0.045	0.075	0.124	0.513	0.112	0.101	0.031	1951	02	1950	1
195103	0.057	0.053	0.132	0.494	0.143	0.092	0.030	1951	03	1950	1
195104	0.032	0.061	0.119	0.537	0.142	0.098	0.012	1951	04	1950	1
195105	0.032	0.074	0.109	0.602	0.094	0.073	0.015	1951	05	1950	1
195106	0.032	0.096	0.124	0.500	0.145	0.064	0.039	1951	06	1950	1
195107	0.062	0.089	0.116	0.486	0.112	0.088	0.048	1951	07	1950	1
195108	0.044	0.074	0.118	0.481	0.119	0.078	0.087	1951	08	1950	1
195109	0.039	0.069	0.117	0.501	0.112	0.066	0.097	1951	09	1950	1
195110	0.037	0.082	0.087	0.471	0.123	0.084	0.116	1951	10	1950	1
195111	0.026	0.083	0.056	0.500	0.115	0.112	0.109	1951	11	1950	1
195112	0.024	0.081	0.037	0.503	0.133	0.114	0.108	1951	12	1950	1
195201	0.047	0.067	0.040	0.405	0.198	0.144	0.098	1952	01	1950	2
195202	0.032	0.065	0.069	0.462	0.199	0.103	0.071	1952	02	1950	2
195203	0.024	0.059	0.074	0.444	0.192	0.137	0.070	1952	03	1950	2
195204	0.001	0.054	0.066	0.551	0.159	0.126	0.043	1952	04	1950	2
195205	0.000	0.041	0.098	0.588	0.137	0.097	0.038	1952	05	1950	2
195206	0.008	0.072	0.105	0.584	0.130	0.070	0.030	1952	06	1950	2
195207	0.021	0.083	0.166	0.492	0.106	0.079	0.052	1952	07	1950	2
195208	0.044	0.058	0.184	0.580	0.065	0.043	0.028	1952	08	1950	2
195209	0.046	0.095	0.226	0.580	0.015	0.028	0.011	1952	09	1950	2
195210	0.076	0.146	0.306	0.458	0.015	0.001	0.000	1952	10	1950	2
195211	0.049	0.152	0.292	0.493	0.013	0.001	0.001	1952	11	1950	2
195212	0.018	0.154	0.279	0.531	0.011	0.006	0.001	1952	12	1950	2
195301	0.017	0.125	0.219	0.609	0.028	0.001	0.002	1953	01	1950	3
195302	0.017	0.097	0.210	0.655	0.019	0.001	0.001	1953	02	1950	3
195303	0.010	0.068	0.238	0.646	0.027	0.011	0.001	1953	03	1950	3
195304	0.007	0.063	0.147	0.724	0.044	0.011	0.004	1953	04	1950	3
195305	0.032	0.052	0.117	0.644	0.118	0.031	0.006	1953	05	1950	3
195306	0.072	0.046	0.157	0.568	0.089	0.044	0.023	1953	06	1950	3
195307	0.062	0.061	0.158	0.539	0.102	0.050	0.028	1953	07	1950	3
195308	0.077	0.069	0.196	0.496	0.049	0.081	0.031	1953	08	1950	3
195309	0.110	0.113	0.215	0.471	0.053	0.031	0.007	1953	09	1950	3
195310	0.104	0.155	0.242	0.423	0.052	0.016	0.007	1953	10	1950	3
195311	0.121	0.209	0.197	0.415	0.040	0.008	0.011	1953	11	1950	3
195312	0.122	0.184	0.188	0.421	0.056	0.014	0.014	1953	12	1950	3
195401	0.113	0.147	0.223	0.453	0.036	0.016	0.013	1954	01	1950	4
195402	0.136	0.188	0.213	0.403	0.043	0.010	0.007	1954	02	1950	4
195403	0.132	0.147	0.210	0.462	0.040	0.002	0.007	1954	03	1950	4
195404	0.104	0.230	0.223	0.373	0.061	0.002	0.007	1954	04	1950	4
195405	0.120	0.170	0.237	0.421	0.032	0.013	0.007	1954	05	1950	4
195406	0.137	0.194	0.269	0.298	0.076	0.017	0.010	1954	06	1950	4
195407	0.219	0.222	0.171	0.307	0.056	0.022	0.003	1954	07	1950	4
195408	0.239	0.232	0.117	0.276	0.102	0.022	0.011	1954	08	1950	4
195409	0.336	0.163	0.089	0.301	0.064	0.026	0.022	1954	09	1950	4
195410	0.256	0.186	0.106	0.343	0.048	0.040	0.022	1954	10	1950	4
195411	0.279	0.190	0.118	0.347	0.039	0.008	0.020	1954	11	1950	4
195412	0.245	0.203	0.159	0.337	0.026	0.009	0.020	1954	12	1950	4
195501	0.218	0.186	0.193	0.371	0.011	0.015	0.006	1955	01	1950	5
195502	0.122	0.207	0.220	0.412	0.019	0.011	0.010	1955	02	1950	5
195503	0.139	0.214	0.211	0.382	0.025	0.018	0.011	1955	03	1950	5
195504	0.107	0.219	0.220	0.440	0.004	0.010	0.000	1955	04	1950	5
195505	0.077	0.228	0.223	0.454	0.002	0.009	0.007	1955	05	1950	5
195506	0.085	0.150	0.296	0.445	0.017	0.007	0.000	1955	06	1950	5
195507	0.089	0.126	0.247	0.485	0.036	0.008	0.009	1955	07	1950	5
195508	0.091	0.099	0.274	0.484	0.039	0.011	0.000	1955	08	1950	5
195509	0.078	0.115	0.309	0.477	0.011	0.008	0.002	1955	09	1950	5
195510	0.091	0.132	0.304	0.428	0.031	0.008	0.007	1955	10	1950	5
195511	0.088	0.163	0.244	0.442	0.043	0.011	0.009	1955	11	1950	5
195512	0.086	0.206	0.244	0.351	0.059	0.047	0.008	1955	12	1950	5
195601	0.088	0.204	0.239	0.317	0.042	0.079	0.031	1956	01	1950	6
195602	0.088	0.128	0.248	0.386	0.062	0.064	0.025	1956	02	1950	6
195603	0.111	0.168	0.204	0.391	0.061	0.043	0.022	1956	03	1950	6
195604	0.120	0.145	0.202	0.435	0.064	0.034	0.000	1956	04	1950	6
195605	0.163	0.163	0.143	0.405	0.088	0.027	0.010	1956	05	1950	6
195606	0.233	0.124	0.147	0.382	0.083	0.021	0.010	1956	06	1950	6
195607	0.216	0.137	0.119	0.404	0.080	0.032	0.012	1956	07	1950	6
195608	0.256	0.103	0.138	0.380	0.077	0.025	0.020	1956	08	1950	6
195609	0.309	0.076	0.139	0.386	0.056	0.023	0.010	1956	09	1950	6
195610	0.319	0.073	0.154	0.372	0.055	0.014	0.013	1956	10	1950	6
195611	0.295	0.094	0.151	0.422	0.024	0.013	0.000	1956	11	1950	6
195612	0.299	0.124	0.129	0.414	0.031	0.004	0.000	1956	12	1950	6
195701	0.235	0.097	0.143	0.490	0.029	0.006	0.000	1957	01	1950	7
195702	0.213	0.118	0.133	0.496	0.035	0.002	0.002	1957	02	1950	7
195703	0.085	0.096	0.153	0.640	0.015	0.010	0.002	1957	03	1950	7
195704	0.042	0.087	0.063	0.670	0.114	0.025	0.000	1957	04	1950	7
195705	0.016	0.042	0.081	0.589	0.144	0.086	0.042	1957	05	1950	7
195706	0.020	0.041	0.090	0.488	0.179	0.112	0.069	1957	06	1950	7
195707	0.014	0.044	0.107	0.485	0.180	0.106	0.065	1957	07	1950	7
195708	0.007	0.071	0.101	0.507	0.184	0.053	0.078	1957	08	1950	7
195709	0.018	0.050	0.079	0.516	0.183	0.103	0.051	1957	09	1950	7
195710	0.008	0.032	0.039	0.554	0.155	0.143	0.068	1957	10	1950	7
195711	0.003	0.015	0.047	0.489	0.180	0.142	0.124	1957	11	1950	7
195712	0.000	0.002	0.028	0.591	0.185	0.137	0.057	1957	12	1950	7
195801	0.000	0.000	0.020	0.632	0.159	0.136	0.053	1958	01	1950	8
195802	0.000	0.000	0.022	0.621	0.178	0.098	0.080	1958	02	1950	8
195803	0.000	0.000	0.046	0.536	0.211	0.120	0.087	1958	03	1950	8
195804	0.000	0.003	0.041	0.488	0.190	0.194	0.085	1958	04	1950	8
195805	0.003	0.017	0.078	0.510	0.179	0.155	0.058	1958	05	1950	8
195806	0.003	0.012	0.026	0.554	0.201	0.127	0.077	1958	06	1950	8
195807	0.003	0.009	0.043	0.461	0.188	0.177	0.119	1958	07	1950	8
195808	0.011	0.010	0.065	0.544	0.150	0.145	0.076	1958	08	1950	8
195809	0.011	0.010	0.078	0.585	0.108	0.148	0.060	1958	09	1950	8
195810	0.011	0.031	0.083	0.676	0.092	0.069	0.039	1958	10	1950	8
195811	0.002	0.013	0.089	0.759	0.052	0.067	0.017	1958	11	1950	8
195812	0.004	0.036	0.101	0.758	0.067	0.020	0.014	1958	12	1950	8
195901	0.011	0.027	0.144	0.705	0.087	0.019	0.007	1959	01	1950	9
195902	0.004	0.025	0.125	0.716	0.099	0.020	0.010	1959	02	1950	9
195903	0.020	0.030	0.174	0.683	0.069	0.019	0.004	1959	03	1950	9
195904	0.025	0.075	0.214	0.607	0.056	0.022	0.001	1959	04	1950	9
195905	0.013	0.093	0.177	0.623	0.054	0.040	0.000	1959	05	1950	9
195906	0.027	0.110	0.140	0.639	0.059	0.024	0.000	1959	06	1950	9
195907	0.079	0.085	0.129	0.622	0.054	0.032	0.000	1959	07	1950	9
195908	0.046	0.133	0.104	0.626	0.071	0.020	0.000	1959	08	1950	9
195909	0.020	0.074	0.130	0.629	0.114	0.029	0.004	1959	09	1950	9
195910	0.011	0.036	0.110	0.613	0.126	0.086	0.018	1959	10	1950	9
195911	0.032	0.048	0.087	0.589	0.162	0.064	0.018	1959	11	1950	9
195912	0.015	0.061	0.099	0.593	0.168	0.039	0.025	1959	12	1950	9
196001	0.012	0.067	0.080	0.609	0.154	0.062	0.017	1960	01	1960	0
196002	0.002	0.071	0.046	0.592	0.180	0.093	0.015	1960	02	1960	0
196003	0.000	0.063	0.069	0.657	0.121	0.072	0.018	1960	03	1960	0
196004	0.004	0.068	0.094	0.678	0.101	0.040	0.014	1960	04	1960	0
196005	0.017	0.080	0.067	0.642	0.128	0.048	0.018	1960	05	1960	0
196006	0.037	0.065	0.068	0.689	0.089	0.048	0.004	1960	06	1960	0
196007	0.082	0.033	0.140	0.572	0.101	0.051	0.021	1960	07	1960	0
196008	0.071	0.060	0.105	0.600	0.093	0.040	0.031	1960	08	1960	0
196009	0.084	0.068	0.114	0.617	0.059	0.032	0.026	1960	09	1960	0
196010	0.062	0.078	0.128	0.606	0.072	0.020	0.034	1960	10	1960	0
196011	0.022	0.073	0.174	0.630	0.056	0.030	0.014	1960	11	1960	0
196012	0.017	0.089	0.176	0.613	0.050	0.042	0.014	1960	12	1960	0
196101	0.042	0.107	0.193	0.562	0.027	0.057	0.012	1961	01	1960	1
196102	0.047	0.102	0.145	0.570	0.076	0.049	0.012	1961	02	1960	1
196103	0.054	0.090	0.111	0.609	0.075	0.042	0.019	1961	03	1960	1
196104	0.034	0.097	0.124	0.608	0.103	0.028	0.005	1961	04	1960	1
196105	0.033	0.113	0.113	0.618	0.106	0.017	0.000	1961	05	1960	1
196106	0.095	0.116	0.079	0.552	0.125	0.034	0.000	1961	06	1960	1
196107	0.127	0.087	0.069	0.506	0.153	0.031	0.026	1961	07	1960	1
196108	0.101	0.045	0.054	0.588	0.135	0.057	0.019	1961	08	1960	1
196109	0.020	0.040	0.051	0.643	0.124	0.096	0.026	1961	09	1960	1
196110	0.014	0.045	0.055	0.655	0.143	0.068	0.019	1961	10	1960	1
196111	0.012	0.034	0.080	0.630	0.098	0.109	0.038	1961	11	1960	1
196112	0.009	0.035	0.073	0.639	0.131	0.073	0.041	1961	12	1960	1
196201	0.006	0.052	0.062	0.631	0.135	0.072	0.042	1962	01	1960	2
196202	0.004	0.024	0.050	0.694	0.127	0.087	0.014	1962	02	1960	2
196203	0.000	0.023	0.065	0.740	0.132	0.039	0.002	1962	03	1960	2
196204	0.002	0.035	0.044	0.831	0.075	0.014	0.000	1962	04	1960	2
196205	0.001	0.010	0.092	0.805	0.064	0.028	0.000	1962	05	1960	2
196206	0.000	0.003	0.097	0.743	0.128	0.023	0.006	1962	06	1960	2
196207	0.000	0.024	0.069	0.684	0.116	0.069	0.039	1962	07	1960	2
196208	0.000	0.050	0.136	0.633	0.076	0.053	0.051	1962	08	1960	2
196209	0.000	0.032	0.122	0.699	0.077	0.021	0.049	1962	09	1960	2
196210	0.000	0.041	0.104	0.740	0.075	0.031	0.010	1962	10	1960	2
196211	0.000	0.050	0.121	0.730	0.076	0.021	0.002	1962	11	1960	2
196212	0.004	0.034	0.181	0.725	0.044	0.009	0.002	1962	12	1960	2
196301	0.010	0.069	0.209	0.675	0.029	0.007	0.002	1963	01	1960	3
196302	0.012	0.043	0.238	0.678	0.025	0.005	0.000	1963	02	1960	3
196303	0.012	0.069	0.226	0.683	0.006	0.004	0.000	1963	03	1960	3
196304	0.012	0.088	0.211	0.631	0.047	0.008	0.002	1963	04	1960	3
196305	0.043	0.132	0.187	0.571	0.055	0.012	0.000	1963	05	1960	3
196306	0.053	0.112	0.204	0.496	0.089	0.041	0.005	1963	06	1960	3
196307	0.081	0.107	0.193	0.463	0.109	0.040	0.008	1963	07	1960	3
196308	0.038	0.160	0.136	0.555	0.078	0.027	0.005	1963	08	1960	3
196309	0.035	0.135	0.185	0.554	0.054	0.034	0.002	1963	09	1960	3
196310	0.089	0.201	0.214	0.421	0.060	0.015	0.000	1963	10	1960	3
196311	0.085	0.194	0.184	0.443	0.072	0.018	0.002	1963	11	1960	3
196312	0.121	0.181	0.205	0.468	0.023	0.002	0.000	1963	12	1960	3
196401	0.126	0.158	0.197	0.467	0.052	0.000	0.000	1964	01	1960	4
196402	0.128	0.170	0.175	0.482	0.037	0.008	0.000	1964	02	1960	4
196403	0.086	0.118	0.205	0.541	0.047	0.002	0.000	1964	03	1960	4
196404	0.034	0.069	0.236	0.595	0.047	0.015	0.003	1964	04	1960	4
196405	0.037	0.083	0.268	0.569	0.036	0.005	0.002	1964	05	1960	4
196406	0.039	0.130	0.268	0.463	0.084	0.013	0.002	1964	06	1960	4
196407	0.051	0.175	0.204	0.446	0.090	0.030	0.004	1964	07	1960	4
196408	0.072	0.107	0.175	0.517	0.063	0.051	0.014	1964	08	1960	4
196409	0.041	0.123	0.161	0.548	0.086	0.026	0.015	1964	09	1960	4
196410	0.074	0.136	0.193	0.499	0.048	0.024	0.025	1964	10	1960	4
196411	0.074	0.105	0.127	0.610	0.049	0.020	0.016	1964	11	1960	4
196412	0.065	0.095	0.128	0.499	0.127	0.037	0.050	1964	12	1960	4
196501	0.032	0.099	0.114	0.545	0.118	0.030	0.062	1965	01	1960	5
196502	0.011	0.078	0.109	0.617	0.107	0.040	0.038	1965	02	1960	5
196503	0.011	0.064	0.122	0.646	0.079	0.048	0.028	1965	03	1960	5
196504	0.019	0.037	0.124	0.618	0.138	0.040	0.024	1965	04	1960	5
196505	0.023	0.040	0.096	0.602	0.172	0.064	0.003	1965	05	1960	5
196506	0.021	0.039	0.072	0.560	0.159	0.131	0.018	1965	06	1960	5
196507	0.024	0.044	0.115	0.457	0.141	0.153	0.066	1965	07	1960	5
196508	0.019	0.035	0.098	0.496	0.147	0.085	0.121	1965	08	1960	5
196509	0.017	0.032	0.069	0.438	0.135	0.118	0.190	1965	09	1960	5
196510	0.013	0.040	0.063	0.616	0.089	0.084	0.095	1965	10	1960	5
196511	0.018	0.033	0.106	0.565	0.138	0.044	0.096	1965	11	1960	5
196512	0.034	0.037	0.098	0.506	0.127	0.105	0.092	1965	12	1960	5
196601	0.023	0.028	0.089	0.622	0.095	0.089	0.053	1966	01	1960	6
196602	0.006	0.034	0.077	0.634	0.124	0.090	0.036	1966	02	1960	6
196603	0.017	0.035	0.111	0.669	0.095	0.042	0.030	1966	03	1960	6
196604	0.013	0.029	0.106	0.725	0.071	0.027	0.029	1966	04	1960	6
196605	0.008	0.070	0.222	0.573	0.064	0.036	0.027	1966	05	1960	6
196606	0.030	0.101	0.204	0.522	0.086	0.043	0.013	1966	06	1960	6
196607	0.046	0.108	0.193	0.543	0.059	0.030	0.021	1966	07	1960	6
196608	0.051	0.103	0.116	0.622	0.067	0.017	0.024	1966	08	1960	6
196609	0.017	0.069	0.158	0.675	0.043	0.021	0.018	1966	09	1960	6
196610	0.013	0.099	0.144	0.688	0.041	0.015	0.000	1966	10	1960	6
196611	0.005	0.071	0.135	0.741	0.038	0.010	0.000	1966	11	1960	6
196612	0.003	0.046	0.125	0.764	0.061	0.001	0.000	1966	12	1960	6
196701	0.003	0.055	0.142	0.711	0.083	0.006	0.000	1967	01	1960	7
196702	0.004	0.076	0.166	0.723	0.031	0.000	0.000	1967	02	1960	7
196703	0.020	0.087	0.234	0.631	0.028	0.000	0.000	1967	03	1960	7
196704	0.004	0.108	0.229	0.537	0.085	0.037	0.000	1967	04	1960	7
196705	0.018	0.107	0.107	0.654	0.059	0.055	0.000	1967	05	1960	7
196706	0.040	0.028	0.092	0.598	0.172	0.050	0.020	1967	06	1960	7
196707	0.034	0.016	0.062	0.662	0.103	0.100	0.024	1967	07	1960	7
196708	0.027	0.018	0.058	0.690	0.094	0.090	0.024	1967	08	1960	7
196709	0.002	0.015	0.069	0.660	0.150	0.059	0.044	1967	09	1960	7
196710	0.002	0.010	0.073	0.725	0.128	0.053	0.010	1967	10	1960	7
196711	0.002	0.024	0.108	0.696	0.110	0.047	0.013	1967	11	1960	7
196712	0.005	0.014	0.074	0.687	0.140	0.059	0.020	1967	12	1960	7
196801	0.003	0.016	0.061	0.780	0.075	0.049	0.016	1968	01	1960	8
196802	0.003	0.028	0.074	0.794	0.077	0.014	0.010	1968	02	1960	8
196803	0.020	0.046	0.101	0.725	0.074	0.026	0.008	1968	03	1960	8
196804	0.021	0.010	0.094	0.758	0.064	0.045	0.008	1968	04	1960	8
196805	0.021	0.023	0.047	0.775	0.078	0.043	0.013	1968	05	1960	8
196806	0.024	0.022	0.063	0.684	0.125	0.063	0.018	1968	06	1960	8
196807	0.034	0.016	0.076	0.643	0.128	0.081	0.023	1968	07	1960	8
196808	0.000	0.016	0.060	0.626	0.149	0.101	0.048	1968	08	1960	8
196809	0.000	0.025	0.077	0.626	0.155	0.075	0.042	1968	09	1960	8
196810	0.001	0.029	0.068	0.672	0.137	0.066	0.026	1968	10	1960	8
196811	0.000	0.006	0.051	0.681	0.151	0.086	0.025	1968	11	1960	8
196812	0.000	0.001	0.037	0.667	0.154	0.117	0.025	1968	12	1960	8
196901	0.000	0.001	0.042	0.547	0.223	0.109	0.078	1969	01	1960	9
196902	0.000	0.005	0.030	0.644	0.138	0.110	0.073	1969	02	1960	9
196903	0.000	0.007	0.025	0.711	0.144	0.097	0.016	1969	03	1960	9
196904	0.000	0.008	0.033	0.719	0.136	0.093	0.011	1969	04	1960	9
196905	0.001	0.013	0.048	0.738	0.124	0.056	0.020	1969	05	1960	9
196906	0.001	0.011	0.029	0.687	0.159	0.059	0.054	1969	06	1960	9
196907	0.000	0.001	0.021	0.667	0.173	0.077	0.061	1969	07	1960	9
196908	0.000	0.001	0.057	0.730	0.167	0.023	0.023	1969	08	1960	9
196909	0.000	0.009	0.059	0.737	0.155	0.025	0.015	1969	09	1960	9
196910	0.000	0.001	0.027	0.699	0.139	0.097	0.036	1969	10	1960	9
196911	0.000	0.001	0.053	0.756	0.108	0.058	0.023	1969	11	1960	9
196912	0.000	0.002	0.038	0.758	0.115	0.071	0.017	1969	12	1960	9
197001	0.000	0.000	0.027	0.777	0.117	0.052	0.027	1970	01	1970	0
197002	0.000	0.000	0.074	0.769	0.103	0.051	0.004	1970	02	1970	0
197003	0.000	0.000	0.033	0.786	0.121	0.036	0.024	1970	03	1970	0
197004	0.000	0.000	0.040	0.775	0.140	0.028	0.017	1970	04	1970	0
197005	0.000	0.000	0.075	0.750	0.125	0.039	0.010	1970	05	1970	0
197006	0.000	0.000	0.084	0.748	0.120	0.030	0.017	1970	06	1970	0
197007	0.000	0.015	0.066	0.760	0.107	0.029	0.022	1970	07	1970	0
197008	0.000	0.014	0.133	0.732	0.070	0.045	0.006	1970	08	1970	0
197009	0.000	0.008	0.095	0.732	0.096	0.048	0.022	1970	09	1970	0
197010	0.000	0.011	0.049	0.731	0.134	0.049	0.027	1970	10	1970	0
197011	0.000	0.004	0.056	0.736	0.131	0.043	0.028	1970	11	1970	0
197012	0.000	0.008	0.064	0.746	0.108	0.058	0.018	1970	12	1970	0
197101	0.000	0.017	0.106	0.673	0.121	0.061	0.022	1971	01	1970	1
197102	0.000	0.013	0.110	0.645	0.126	0.087	0.019	1971	02	1970	1
197103	0.002	0.068	0.124	0.611	0.115	0.055	0.025	1971	03	1970	1
197104	0.004	0.076	0.126	0.621	0.118	0.029	0.025	1971	04	1970	1
197105	0.004	0.098	0.107	0.594	0.127	0.030	0.040	1971	05	1970	1
197106	0.051	0.087	0.100	0.559	0.126	0.039	0.037	1971	06	1970	1
197107	0.039	0.090	0.059	0.619	0.119	0.050	0.026	1971	07	1970	1
197108	0.005	0.024	0.069	0.696	0.135	0.055	0.016	1971	08	1970	1
197109	0.000	0.028	0.046	0.688	0.127	0.089	0.022	1971	09	1970	1
197110	0.003	0.004	0.064	0.638	0.123	0.122	0.045	1971	10	1970	1
197111	0.005	0.010	0.074	0.634	0.150	0.087	0.041	1971	11	1970	1
197112	0.002	0.002	0.022	0.673	0.170	0.079	0.051	1971	12	1970	1
197201	0.002	0.002	0.022	0.732	0.127	0.071	0.043	1972	01	1970	2
197202	0.002	0.002	0.025	0.767	0.104	0.071	0.029	1972	02	1970	2
197203	0.000	0.008	0.152	0.671	0.077	0.063	0.029	1972	03	1970	2
197204	0.000	0.046	0.135	0.649	0.089	0.048	0.033	1972	04	1970	2
197205	0.003	0.090	0.134	0.623	0.077	0.041	0.031	1972	05	1970	2
197206	0.003	0.050	0.170	0.564	0.104	0.059	0.049	1972	06	1970	2
197207	0.015	0.044	0.149	0.546	0.121	0.071	0.053	1972	07	1970	2
197208	0.018	0.058	0.110	0.577	0.115	0.082	0.040	1972	08	1970	2
197209	0.004	0.023	0.068	0.645	0.157	0.081	0.022	1972	09	1970	2
197210	0.000	0.000	0.014	0.632	0.182	0.124	0.047	1972	10	1970	2
197211	0.000	0.000	0.002	0.535	0.238	0.166	0.060	1972	11	1970	2
197212	0.000	0.000	0.000	0.517	0.202	0.184	0.097	1972	12	1970	2
197301	0.000	0.000	0.002	0.524	0.230	0.184	0.060	1973	01	1970	3
197302	0.000	0.000	0.041	0.490	0.277	0.133	0.059	1973	02	1970	3
197303	0.000	0.005	0.054	0.357	0.250	0.203	0.131	1973	03	1970	3
197304	0.000	0.019	0.048	0.249	0.261	0.193	0.229	1973	04	1970	3
197305	0.000	0.032	0.047	0.305	0.162	0.269	0.185	1973	05	1970	3
197306	0.003	0.051	0.044	0.312	0.169	0.239	0.182	1973	06	1970	3
197307	0.031	0.033	0.052	0.321	0.159	0.211	0.192	1973	07	1970	3
197308	0.045	0.032	0.049	0.477	0.191	0.135	0.072	1973	08	1970	3
197309	0.010	0.026	0.006	0.532	0.137	0.143	0.146	1973	09	1970	3
197310	0.002	0.034	0.027	0.554	0.142	0.098	0.144	1973	10	1970	3
197311	0.000	0.002	0.044	0.554	0.148	0.125	0.126	1973	11	1970	3
197312	0.000	0.000	0.052	0.501	0.160	0.145	0.142	1973	12	1970	3
197401	0.000	0.000	0.031	0.514	0.149	0.158	0.148	1974	01	1970	4
197402	0.000	0.000	0.048	0.559	0.166	0.139	0.088	1974	02	1970	4
197403	0.000	0.009	0.085	0.543	0.190	0.133	0.041	1974	03	1970	4
197404	0.000	0.018	0.100	0.557	0.195	0.105	0.026	1974	04	1970	4
197405	0.000	0.059	0.102	0.572	0.135	0.101	0.032	1974	05	1970	4
197406	0.005	0.101	0.093	0.554	0.138	0.073	0.035	1974	06	1970	4
197407	0.033	0.058	0.099	0.624	0.110	0.063	0.012	1974	07	1970	4
197408	0.010	0.041	0.087	0.576	0.213	0.048	0.025	1974	08	1970	4
197409	0.012	0.058	0.107	0.497	0.174	0.096	0.056	1974	09	1970	4
197410	0.003	0.016	0.099	0.591	0.124	0.085	0.083	1974	10	1970	4
197411	0.003	0.033	0.102	0.577	0.132	0.080	0.074	1974	11	1970	4
197412	0.003	0.032	0.096	0.611	0.116	0.086	0.056	1974	12	1970	4
197501	0.003	0.016	0.052	0.642	0.141	0.112	0.034	1975	01	1970	5
197502	0.003	0.010	0.065	0.611	0.141	0.131	0.040	1975	02	1970	5
197503	0.000	0.003	0.034	0.613	0.141	0.135	0.075	1975	03	1970	5
197504	0.000	0.001	0.024	0.580	0.216	0.126	0.053	1975	04	1970	5
197505	0.000	0.000	0.022	0.590	0.181	0.147	0.060	1975	05	1970	5
197506	0.000	0.000	0.031	0.527	0.220	0.139	0.082	1975	06	1970	5
197507	0.000	0.000	0.039	0.491	0.195	0.145	0.131	1975	07	1970	5
197508	0.000	0.002	0.057	0.494	0.170	0.155	0.122	1975	08	1970	5
197509	0.000	0.008	0.044	0.547	0.163	0.117	0.121	1975	09	1970	5
197510	0.000	0.011	0.072	0.558	0.135	0.111	0.112	1975	10	1970	5
197511	0.000	0.000	0.046	0.668	0.109	0.099	0.079	1975	11	1970	5
197512	0.000	0.000	0.047	0.686	0.127	0.079	0.061	1975	12	1970	5
197601	0.000	0.023	0.080	0.645	0.118	0.076	0.058	1976	01	1970	6
197602	0.000	0.027	0.097	0.688	0.093	0.049	0.046	1976	02	1970	6
197603	0.003	0.035	0.109	0.648	0.096	0.065	0.045	1976	03	1970	6
197604	0.000	0.025	0.086	0.734	0.070	0.045	0.040	1976	04	1970	6
197605	0.017	0.013	0.093	0.731	0.073	0.050	0.024	1976	05	1970	6
197606	0.019	0.036	0.100	0.684	0.081	0.045	0.035	1976	06	1970	6
197607	0.025	0.027	0.125	0.616	0.121	0.051	0.034	1976	07	1970	6
197608	0.041	0.027	0.181	0.510	0.148	0.052	0.041	1976	08	1970	6
197609	0.039	0.056	0.096	0.590	0.133	0.058	0.029	1976	09	1970	6
197610	0.059	0.034	0.085	0.601	0.115	0.071	0.036	1976	10	1970	6
197611	0.084	0.029	0.141	0.613	0.050	0.050	0.032	1976	11	1970	6
197612	0.092	0.114	0.168	0.488	0.072	0.039	0.027	1976	12	1970	6
197701	0.147	0.131	0.121	0.481	0.072	0.030	0.018	1977	01	1970	7
197702	0.172	0.137	0.103	0.521	0.048	0.004	0.015	1977	02	1970	7
197703	0.165	0.121	0.083	0.527	0.059	0.036	0.008	1977	03	1970	7
197704	0.237	0.068	0.113	0.499	0.037	0.030	0.015	1977	04	1970	7
197705	0.181	0.076	0.152	0.563	0.010	0.011	0.008	1977	05	1970	7
197706	0.180	0.093	0.178	0.511	0.022	0.006	0.008	1977	06	1970	7
197707	0.138	0.146	0.159	0.546	0.003	0.008	0.000	1977	07	1970	7
197708	0.073	0.069	0.110	0.687	0.045	0.007	0.009	1977	08	1970	7
197709	0.049	0.069	0.111	0.653	0.086	0.016	0.016	1977	09	1970	7
197710	0.056	0.059	0.097	0.609	0.105	0.050	0.024	1977	10	1970	7
197711	0.043	0.071	0.071	0.564	0.123	0.105	0.023	1977	11	1970	7
197712	0.018	0.047	0.124	0.544	0.140	0.099	0.028	1977	12	1970	7
197801	0.000	0.039	0.071	0.598	0.151	0.096	0.044	1978	01	1970	8
197802	0.000	0.032	0.046	0.665	0.193	0.045	0.019	1978	02	1970	8
197803	0.000	0.009	0.100	0.657	0.132	0.089	0.013	1978	03	1970	8
197804	0.000	0.021	0.122	0.580	0.138	0.074	0.066	1978	04	1970	8
197805	0.000	0.013	0.073	0.597	0.114	0.118	0.085	1978	05	1970	8
197806	0.000	0.019	0.053	0.640	0.125	0.098	0.066	1978	06	1970	8
197807	0.016	0.035	0.062	0.573	0.137	0.059	0.118	1978	07	1970	8
197808	0.000	0.047	0.072	0.563	0.141	0.072	0.106	1978	08	1970	8
197809	0.003	0.047	0.051	0.563	0.149	0.080	0.107	1978	09	1970	8
197810	0.004	0.044	0.100	0.637	0.093	0.047	0.075	1978	10	1970	8
197811	0.000	0.010	0.054	0.679	0.101	0.065	0.091	1978	11	1970	8
197812	0.000	0.013	0.061	0.617	0.140	0.078	0.091	1978	12	1970	8
197901	0.000	0.005	0.039	0.570	0.147	0.122	0.116	1979	01	1970	9
197902	0.000	0.000	0.014	0.597	0.139	0.144	0.106	1979	02	1970	9
197903	0.000	0.002	0.020	0.587	0.152	0.105	0.134	1979	03	1970	9
197904	0.000	0.002	0.020	0.495	0.248	0.121	0.114	1979	04	1970	9
197905	0.000	0.005	0.020	0.493	0.227	0.146	0.108	1979	05	1970	9
197906	0.002	0.003	0.036	0.556	0.176	0.125	0.100	1979	06	1970	9
197907	0.002	0.025	0.027	0.511	0.190	0.142	0.103	1979	07	1970	9
197908	0.000	0.000	0.038	0.490	0.204	0.127	0.141	1979	08	1970	9
197909	0.000	0.016	0.045	0.575	0.126	0.127	0.111	1979	09	1970	9
197910	0.000	0.006	0.056	0.601	0.164	0.095	0.077	1979	10	1970	9
197911	0.000	0.019	0.051	0.598	0.135	0.121	0.077	1979	11	1970	9
197912	0.000	0.030	0.052	0.696	0.143	0.048	0.033	1979	12	1970	9
198001	0.008	0.017	0.026	0.706	0.158	0.068	0.018	1980	01	1980	0
198002	0.008	0.018	0.046	0.689	0.115	0.083	0.040	1980	02	1980	0
198003	0.000	0.022	0.025	0.632	0.158	0.098	0.064	1980	03	1980	0
198004	0.000	0.027	0.077	0.640	0.093	0.084	0.079	1980	04	1980	0
198005	0.019	0.033	0.071	0.572	0.111	0.074	0.119	1980	05	1980	0
198006	0.035	0.037	0.076	0.646	0.077	0.041	0.088	1980	06	1980	0
198007	0.055	0.049	0.153	0.549	0.059	0.058	0.076	1980	07	1980	0
198008	0.017	0.071	0.164	0.570	0.089	0.061	0.028	1980	08	1980	0
198009	0.014	0.064	0.159	0.561	0.093	0.057	0.052	1980	09	1980	0
198010	0.000	0.038	0.180	0.651	0.082	0.025	0.025	1980	10	1980	0
198011	0.003	0.050	0.197	0.660	0.064	0.020	0.005	1980	11	1980	0
198012	0.008	0.060	0.318	0.533	0.056	0.021	0.003	1980	12	1980	0
198101	0.020	0.153	0.287	0.488	0.048	0.001	0.002	1981	01	1980	1
198102	0.024	0.121	0.324	0.453	0.070	0.004	0.002	1981	02	1980	1
198103	0.037	0.138	0.220	0.562	0.041	0.002	0.000	1981	03	1980	1
198104	0.101	0.145	0.235	0.456	0.048	0.015	0.000	1981	04	1980	1
198105	0.035	0.106	0.170	0.596	0.055	0.038	0.000	1981	05	1980	1
198106	0.045	0.113	0.176	0.527	0.079	0.042	0.018	1981	06	1980	1
198107	0.039	0.091	0.165	0.510	0.119	0.053	0.023	1981	07	1980	1
198108	0.014	0.100	0.140	0.553	0.102	0.076	0.016	1981	08	1980	1
198109	0.026	0.099	0.115	0.566	0.137	0.043	0.015	1981	09	1980	1
198110	0.000	0.063	0.095	0.574	0.154	0.096	0.017	1981	10	1980	1
198111	0.000	0.076	0.105	0.628	0.120	0.068	0.004	1981	11	1980	1
198112	0.000	0.049	0.098	0.630	0.176	0.039	0.008	1981	12	1980	1
198201	0.000	0.024	0.094	0.618	0.183	0.063	0.019	1982	01	1980	2
198202	0.000	0.028	0.083	0.654	0.156	0.068	0.010	1982	02	1980	2
198203	0.000	0.009	0.094	0.658	0.132	0.086	0.019	1982	03	1980	2
198204	0.003	0.024	0.066	0.700	0.096	0.084	0.026	1982	04	1980	2
198205	0.003	0.007	0.050	0.650	0.192	0.083	0.016	1982	05	1980	2
198206	0.003	0.003	0.047	0.599	0.212	0.124	0.014	1982	06	1980	2
198207	0.000	0.019	0.028	0.565	0.184	0.156	0.048	1982	07	1980	2
198208	0.003	0.012	0.015	0.618	0.181	0.117	0.055	1982	08	1980	2
198209	0.000	0.000	0.041	0.560	0.178	0.091	0.130	1982	09	1980	2
198210	0.000	0.003	0.042	0.540	0.150	0.105	0.160	1982	10	1980	2
198211	0.000	0.000	0.008	0.540	0.165	0.132	0.155	1982	11	1980	2
198212	0.000	0.001	0.016	0.459	0.148	0.178	0.199	1982	12	1980	2
198301	0.000	0.000	0.014	0.538	0.120	0.178	0.150	1983	01	1980	3
198302	0.000	0.000	0.013	0.502	0.164	0.170	0.152	1983	02	1980	3
198303	0.000	0.000	0.007	0.403	0.231	0.115	0.245	1983	03	1980	3
198304	0.000	0.000	0.000	0.375	0.174	0.172	0.280	1983	04	1980	3
198305	0.000	0.000	0.000	0.385	0.139	0.182	0.293	1983	05	1980	3
198306	0.000	0.000	0.001	0.437	0.118	0.137	0.306	1983	06	1980	3
198307	0.000	0.000	0.000	0.510	0.115	0.094	0.280	1983	07	1980	3
198308	0.000	0.000	0.088	0.461	0.095	0.086	0.270	1983	08	1980	3
198309	0.000	0.002	0.161	0.402	0.091	0.081	0.263	1983	09	1980	3
198310	0.000	0.002	0.032	0.546	0.116	0.084	0.220	1983	10	1980	3
198311	0.000	0.000	0.009	0.495	0.145	0.095	0.257	1983	11	1980	3
198312	0.000	0.000	0.007	0.445	0.177	0.130	0.240	1983	12	1980	3
198401	0.000	0.000	0.009	0.576	0.148	0.098	0.168	1984	01	1980	4
198402	0.000	0.000	0.009	0.570	0.186	0.091	0.144	1984	02	1980	4
198403	0.000	0.000	0.035	0.532	0.199	0.099	0.135	1984	03	1980	4
198404	0.000	0.020	0.043	0.457	0.193	0.103	0.185	1984	04	1980	4
198405	0.000	0.032	0.051	0.412	0.203	0.131	0.170	1984	05	1980	4
198406	0.020	0.016	0.055	0.483	0.146	0.097	0.183	1984	06	1980	4
198407	0.012	0.024	0.044	0.487	0.126	0.108	0.198	1984	07	1980	4
198408	0.007	0.041	0.045	0.531	0.115	0.082	0.178	1984	08	1980	4
198409	0.007	0.046	0.074	0.577	0.074	0.071	0.151	1984	09	1980	4
198410	0.007	0.005	0.015	0.552	0.131	0.115	0.175	1984	10	1980	4
198411	0.000	0.013	0.023	0.555	0.141	0.108	0.160	1984	11	1980	4
198412	0.000	0.008	0.053	0.552	0.145	0.103	0.138	1984	12	1980	4
198501	0.000	0.019	0.074	0.567	0.125	0.098	0.117	1985	01	1980	5
198502	0.000	0.009	0.088	0.538	0.153	0.101	0.110	1985	02	1980	5
198503	0.000	0.015	0.112	0.476	0.153	0.136	0.108	1985	03	1980	5
198504	0.001	0.046	0.138	0.490	0.141	0.100	0.083	1985	04	1980	5
198505	0.001	0.055	0.150	0.515	0.117	0.091	0.072	1985	05	1980	5
198506	0.015	0.044	0.173	0.517	0.064	0.099	0.088	1985	06	1980	5
198507	0.015	0.065	0.156	0.506	0.079	0.101	0.079	1985	07	1980	5
198508	0.010	0.037	0.104	0.603	0.081	0.138	0.027	1985	08	1980	5
198509	0.000	0.003	0.048	0.626	0.100	0.156	0.067	1985	09	1980	5
198510	0.000	0.003	0.037	0.581	0.140	0.120	0.120	1985	10	1980	5
198511	0.000	0.000	0.021	0.515	0.154	0.143	0.167	1985	11	1980	5
198512	0.000	0.004	0.040	0.627	0.079	0.143	0.106	1985	12	1980	5
198601	0.000	0.004	0.030	0.683	0.145	0.069	0.069	1986	01	1980	6
198602	0.000	0.002	0.043	0.593	0.207	0.080	0.075	1986	02	1980	6
198603	0.000	0.011	0.075	0.669	0.147	0.054	0.044	1986	03	1980	6
198604	0.006	0.033	0.155	0.613	0.092	0.053	0.048	1986	04	1980	6
198605	0.006	0.042	0.126	0.638	0.095	0.052	0.041	1986	05	1980	6
198606	0.017	0.066	0.090	0.650	0.073	0.065	0.038	1986	06	1980	6
198607	0.036	0.069	0.091	0.579	0.111	0.063	0.052	1986	07	1980	6
198608	0.022	0.053	0.089	0.571	0.150	0.054	0.062	1986	08	1980	6
198609	0.020	0.029	0.100	0.449	0.189	0.095	0.117	1986	09	1980	6
198610	0.010	0.030	0.038	0.523	0.125	0.129	0.144	1986	10	1980	6
198611	0.004	0.014	0.038	0.569	0.129	0.088	0.158	1986	11	1980	6
198612	0.000	0.002	0.074	0.566	0.120	0.098	0.140	1986	12	1980	6
198701	0.000	0.005	0.102	0.544	0.156	0.070	0.124	1987	01	1980	7
198702	0.000	0.028	0.108	0.503	0.096	0.128	0.138	1987	02	1980	7
198703	0.002	0.031	0.107	0.488	0.120	0.077	0.176	1987	03	1980	7
198704	0.021	0.064	0.131	0.573	0.059	0.062	0.090	1987	04	1980	7
198705	0.019	0.060	0.167	0.528	0.046	0.058	0.123	1987	05	1980	7
198706	0.037	0.071	0.224	0.434	0.055	0.050	0.129	1987	06	1980	7
198707	0.028	0.039	0.196	0.507	0.052	0.050	0.127	1987	07	1980	7
198708	0.027	0.034	0.216	0.461	0.074	0.060	0.128	1987	08	1980	7
198709	0.031	0.096	0.153	0.561	0.064	0.033	0.063	1987	09	1980	7
198710	0.016	0.123	0.189	0.536	0.044	0.040	0.052	1987	10	1980	7
198711	0.048	0.083	0.169	0.546	0.064	0.043	0.047	1987	11	1980	7
198712	0.027	0.059	0.187	0.506	0.107	0.062	0.052	1987	12	1980	7
198801	0.029	0.047	0.148	0.605	0.065	0.077	0.029	1988	01	1980	8
198802	0.044	0.088	0.133	0.617	0.035	0.066	0.018	1988	02	1980	8
198803	0.061	0.088	0.140	0.582	0.071	0.041	0.016	1988	03	1980	8
198804	0.032	0.111	0.193	0.524	0.058	0.059	0.022	1988	04	1980	8
198805	0.040	0.134	0.223	0.488	0.044	0.052	0.018	1988	05	1980	8
198806	0.136	0.189	0.217	0.344	0.041	0.032	0.041	1988	06	1980	8
198807	0.201	0.157	0.143	0.394	0.032	0.027	0.046	1988	07	1980	8
198808	0.215	0.124	0.154	0.384	0.044	0.041	0.038	1988	08	1980	8
198809	0.185	0.094	0.163	0.452	0.037	0.031	0.038	1988	09	1980	8
198810	0.205	0.077	0.148	0.535	0.030	0.005	0.000	1988	10	1980	8
198811	0.122	0.099	0.138	0.585	0.043	0.013	0.000	1988	11	1980	8
198812	0.125	0.103	0.134	0.596	0.032	0.009	0.000	1988	12	1980	8
198901	0.083	0.109	0.190	0.588	0.024	0.006	0.000	1989	01	1980	9
198902	0.065	0.148	0.156	0.565	0.047	0.008	0.011	1989	02	1980	9
198903	0.050	0.077	0.192	0.622	0.041	0.012	0.007	1989	03	1980	9
198904	0.072	0.080	0.258	0.538	0.040	0.013	0.000	1989	04	1980	9
198905	0.083	0.087	0.245	0.513	0.063	0.008	0.000	1989	05	1980	9
198906	0.084	0.144	0.170	0.370	0.157	0.066	0.008	1989	06	1980	9
198907	0.123	0.105	0.187	0.343	0.127	0.084	0.032	1989	07	1980	9
198908	0.090	0.119	0.142	0.405	0.122	0.093	0.028	1989	08	1980	9
198909	0.068	0.130	0.123	0.454	0.076	0.097	0.051	1989	09	1980	9
198910	0.059	0.125	0.162	0.426	0.096	0.092	0.042	1989	10	1980	9
198911	0.080	0.142	0.162	0.433	0.082	0.066	0.036	1989	11	1980	9
198912	0.096	0.157	0.176	0.407	0.085	0.056	0.023	1989	12	1980	9
199001	0.112	0.131	0.158	0.448	0.068	0.069	0.014	1990	01	1990	0
199002	0.103	0.114	0.148	0.460	0.090	0.057	0.028	1990	02	1990	0
199003	0.088	0.121	0.135	0.508	0.081	0.042	0.026	1990	03	1990	0
199004	0.096	0.121	0.105	0.550	0.078	0.041	0.010	1990	04	1990	0
199005	0.085	0.084	0.126	0.490	0.106	0.081	0.027	1990	05	1990	0
199006	0.098	0.121	0.117	0.497	0.127	0.038	0.002	1990	06	1990	0
199007	0.103	0.065	0.106	0.550	0.111	0.062	0.004	1990	07	1990	0
199008	0.094	0.049	0.162	0.503	0.131	0.050	0.012	1990	08	1990	0
199009	0.100	0.092	0.130	0.539	0.094	0.040	0.005	1990	09	1990	0
199010	0.069	0.125	0.102	0.506	0.111	0.052	0.036	1990	10	1990	0
199011	0.070	0.130	0.087	0.553	0.085	0.050	0.025	1990	11	1990	0
199012	0.087	0.114	0.091	0.487	0.106	0.060	0.056	1990	12	1990	0
199101	0.106	0.086	0.082	0.554	0.099	0.055	0.018	1991	01	1990	1
199102	0.134	0.043	0.150	0.544	0.091	0.027	0.011	1991	02	1990	1
199103	0.071	0.077	0.114	0.581	0.108	0.035	0.013	1991	03	1990	1
199104	0.036	0.069	0.114	0.589	0.133	0.037	0.022	1991	04	1990	1
199105	0.007	0.039	0.154	0.597	0.114	0.052	0.036	1991	05	1990	1
199106	0.004	0.046	0.160	0.568	0.144	0.057	0.020	1991	06	1990	1
199107	0.024	0.060	0.154	0.555	0.116	0.064	0.026	1991	07	1990	1
199108	0.029	0.066	0.163	0.518	0.134	0.070	0.020	1991	08	1990	1
199109	0.021	0.074	0.124	0.579	0.090	0.086	0.026	1991	09	1990	1
199110	0.025	0.065	0.085	0.630	0.095	0.092	0.008	1991	10	1990	1
199111	0.019	0.040	0.071	0.648	0.112	0.084	0.025	1991	11	1990	1
199112	0.022	0.033	0.063	0.629	0.115	0.054	0.084	1991	12	1990	1
199201	0.021	0.049	0.129	0.569	0.067	0.072	0.093	1992	01	1990	2
199202	0.023	0.042	0.126	0.575	0.083	0.045	0.107	1992	02	1990	2
199203	0.035	0.069	0.103	0.516	0.121	0.066	0.090	1992	03	1990	2
199204	0.044	0.069	0.139	0.509	0.088	0.073	0.077	1992	04	1990	2
199205	0.090	0.077	0.113	0.506	0.053	0.052	0.110	1992	05	1990	2
199206	0.088	0.084	0.082	0.511	0.058	0.041	0.138	1992	06	1990	2
199207	0.069	0.042	0.054	0.502	0.133	0.056	0.144	1992	07	1990	2
199208	0.069	0.045	0.044	0.476	0.121	0.073	0.172	1992	08	1990	2
199209	0.074	0.044	0.063	0.464	0.131	0.104	0.120	1992	09	1990	2
199210	0.049	0.044	0.044	0.553	0.130	0.111	0.069	1992	10	1990	2
199211	0.023	0.030	0.065	0.436	0.181	0.158	0.107	1992	11	1990	2
199212	0.016	0.024	0.051	0.498	0.129	0.141	0.141	1992	12	1990	2
199301	0.000	0.033	0.059	0.405	0.163	0.155	0.185	1993	01	1990	3
199302	0.014	0.013	0.053	0.451	0.127	0.148	0.194	1993	02	1990	3
199303	0.006	0.025	0.045	0.411	0.149	0.180	0.184	1993	03	1990	3
199304	0.000	0.000	0.029	0.471	0.135	0.200	0.165	1993	04	1990	3
199305	0.000	0.000	0.020	0.527	0.149	0.145	0.160	1993	05	1990	3
199306	0.000	0.000	0.003	0.484	0.141	0.154	0.217	1993	06	1990	3
199307	0.000	0.000	0.030	0.427	0.133	0.153	0.258	1993	07	1990	3
199308	0.000	0.007	0.078	0.365	0.158	0.079	0.313	1993	08	1990	3
199309	0.000	0.010	0.053	0.537	0.065	0.091	0.243	1993	09	1990	3
199310	0.000	0.003	0.045	0.521	0.114	0.079	0.238	1993	10	1990	3
199311	0.000	0.002	0.051	0.523	0.104	0.089	0.231	1993	11	1990	3
199312	0.000	0.005	0.051	0.601	0.092	0.063	0.189	1993	12	1990	3
199401	0.000	0.008	0.097	0.556	0.085	0.082	0.172	1994	01	1990	4
199402	0.000	0.007	0.085	0.586	0.066	0.108	0.148	1994	02	1990	4
199403	0.000	0.030	0.126	0.535	0.111	0.109	0.089	1994	03	1990	4
199404	0.005	0.043	0.086	0.578	0.096	0.076	0.116	1994	04	1990	4
199405	0.002	0.048	0.081	0.670	0.064	0.089	0.046	1994	05	1990	4
199406	0.006	0.086	0.117	0.573	0.099	0.089	0.030	1994	06	1990	4
199407	0.036	0.093	0.142	0.468	0.129	0.078	0.053	1994	07	1990	4
199408	0.041	0.112	0.141	0.438	0.110	0.098	0.060	1994	08	1990	4
199409	0.052	0.112	0.126	0.487	0.102	0.076	0.044	1994	09	1990	4
199410	0.026	0.047	0.084	0.554	0.157	0.054	0.078	1994	10	1990	4
199411	0.006	0.031	0.052	0.634	0.138	0.058	0.081	1994	11	1990	4
199412	0.006	0.034	0.054	0.625	0.135	0.081	0.065	1994	12	1990	4
199501	0.000	0.014	0.051	0.574	0.185	0.134	0.043	1995	01	1990	5
199502	0.000	0.014	0.070	0.674	0.136	0.066	0.040	1995	02	1990	5
199503	0.000	0.020	0.056	0.609	0.172	0.072	0.070	1995	03	1990	5
199504	0.000	0.007	0.055	0.582	0.166	0.125	0.064	1995	04	1990	5
199505	0.000	0.007	0.035	0.436	0.192	0.158	0.171	1995	05	1990	5
199506	0.000	0.004	0.048	0.430	0.152	0.125	0.240	1995	06	1990	5
199507	0.000	0.012	0.047	0.469	0.082	0.133	0.257	1995	07	1990	5
199508	0.000	0.038	0.058	0.479	0.065	0.110	0.250	1995	08	1990	5
199509	0.000	0.021	0.071	0.534	0.060	0.101	0.214	1995	09	1990	5
199510	0.000	0.016	0.017	0.628	0.089	0.103	0.147	1995	10	1990	5
199511	0.000	0.023	0.033	0.583	0.125	0.113	0.122	1995	11	1990	5
199512	0.004	0.007	0.070	0.574	0.133	0.089	0.123	1995	12	1990	5
199601	0.004	0.024	0.074	0.484	0.164	0.095	0.154	1996	01	1990	6
199602	0.004	0.033	0.144	0.417	0.153	0.108	0.140	1996	02	1990	6
199603	0.004	0.075	0.110	0.451	0.122	0.132	0.106	1996	03	1990	6
199604	0.015	0.066	0.159	0.382	0.161	0.134	0.082	1996	04	1990	6
199605	0.063	0.127	0.069	0.323	0.133	0.152	0.133	1996	05	1990	6
199606	0.054	0.094	0.052	0.407	0.149	0.144	0.101	1996	06	1990	6
199607	0.060	0.065	0.036	0.431	0.142	0.149	0.118	1996	07	1990	6
199608	0.056	0.037	0.022	0.486	0.228	0.116	0.056	1996	08	1990	6
199609	0.026	0.024	0.035	0.460	0.227	0.123	0.105	1996	09	1990	6
199610	0.007	0.031	0.021	0.482	0.228	0.125	0.106	1996	10	1990	6
199611	0.007	0.023	0.024	0.414	0.238	0.156	0.137	1996	11	1990	6
199612	0.009	0.019	0.029	0.396	0.178	0.191	0.179	1996	12	1990	6
199701	0.004	0.023	0.027	0.416	0.170	0.175	0.184	1997	01	1990	7
199702	0.004	0.021	0.032	0.413	0.215	0.197	0.117	1997	02	1990	7
199703	0.020	0.011	0.026	0.488	0.228	0.119	0.108	1997	03	1990	7
199704	0.023	0.008	0.032	0.444	0.208	0.165	0.120	1997	04	1990	7
199705	0.023	0.027	0.014	0.451	0.252	0.146	0.086	1997	05	1990	7
199706	0.023	0.032	0.008	0.437	0.217	0.157	0.127	1997	06	1990	7
199707	0.032	0.030	0.001	0.457	0.203	0.152	0.125	1997	07	1990	7
199708	0.027	0.035	0.001	0.474	0.167	0.163	0.133	1997	08	1990	7
199709	0.006	0.027	0.002	0.526	0.183	0.140	0.117	1997	09	1990	7
199710	0.006	0.028	0.008	0.516	0.178	0.134	0.131	1997	10	1990	7
199711	0.006	0.007	0.016	0.573	0.206	0.102	0.089	1997	11	1990	7
199712	0.007	0.003	0.019	0.568	0.180	0.147	0.076	1997	12	1990	7
199801	0.004	0.004	0.010	0.517	0.223	0.151	0.091	1998	01	1990	8
199802	0.000	0.007	0.014	0.459	0.231	0.171	0.118	1998	02	1990	8
199803	0.000	0.000	0.031	0.410	0.236	0.189	0.133	1998	03	1990	8
199804	0.000	0.002	0.020	0.530	0.199	0.156	0.093	1998	04	1990	8
199805	0.000	0.007	0.024	0.592	0.162	0.085	0.131	1998	05	1990	8
199806	0.000	0.005	0.128	0.402	0.169	0.131	0.165	1998	06	1990	8
199807	0.000	0.069	0.100	0.368	0.160	0.100	0.203	1998	07	1990	8
199808	0.003	0.063	0.117	0.432	0.133	0.077	0.176	1998	08	1990	8
199809	0.007	0.077	0.059	0.550	0.118	0.049	0.139	1998	09	1990	8
199810	0.006	0.024	0.092	0.509	0.138	0.093	0.140	1998	10	1990	8
199811	0.008	0.052	0.103	0.495	0.131	0.091	0.120	1998	11	1990	8
199812	0.018	0.056	0.096	0.535	0.137	0.075	0.082	1998	12	1990	8
199901	0.004	0.013	0.084	0.606	0.112	0.104	0.078	1999	01	1990	9
199902	0.004	0.036	0.088	0.584	0.124	0.091	0.073	1999	02	1990	9
199903	0.004	0.026	0.148	0.621	0.101	0.059	0.040	1999	03	1990	9
199904	0.004	0.045	0.098	0.583	0.107	0.083	0.079	1999	04	1990	9
199905	0.003	0.051	0.142	0.515	0.089	0.097	0.103	1999	05	1990	9
199906	0.002	0.039	0.129	0.534	0.088	0.077	0.131	1999	06	1990	9
199907	0.011	0.045	0.113	0.541	0.084	0.072	0.133	1999	07	1990	9
199908	0.013	0.059	0.122	0.519	0.083	0.094	0.110	1999	08	1990	9
199909	0.006	0.036	0.137	0.568	0.061	0.084	0.108	1999	09	1990	9
199910	0.003	0.041	0.155	0.665	0.037	0.022	0.076	1999	10	1990	9
199911	0.010	0.108	0.226	0.559	0.036	0.026	0.035	1999	11	1990	9
199912	0.023	0.120	0.309	0.461	0.049	0.008	0.031	1999	12	1990	9
200001	0.018	0.140	0.284	0.476	0.035	0.025	0.021	2000	01	2000	0
200002	0.022	0.186	0.228	0.483	0.040	0.021	0.021	2000	02	2000	0
200003	0.040	0.126	0.275	0.491	0.024	0.019	0.026	2000	03	2000	0
200004	0.059	0.133	0.235	0.487	0.047	0.015	0.024	2000	04	2000	0
200005	0.085	0.146	0.224	0.460	0.043	0.020	0.022	2000	05	2000	0
200006	0.063	0.157	0.209	0.462	0.060	0.030	0.018	2000	06	2000	0
200007	0.118	0.180	0.142	0.438	0.062	0.038	0.022	2000	07	2000	0
200008	0.181	0.202	0.141	0.365	0.051	0.036	0.023	2000	08	2000	0
200009	0.176	0.198	0.146	0.368	0.062	0.027	0.022	2000	09	2000	0
200010	0.054	0.132	0.158	0.546	0.059	0.040	0.012	2000	10	2000	0
200011	0.006	0.107	0.153	0.552	0.099	0.043	0.039	2000	11	2000	0
200012	0.044	0.076	0.180	0.534	0.099	0.040	0.027	2000	12	2000	0
200101	0.042	0.118	0.129	0.515	0.108	0.066	0.022	2001	01	2000	1
200102	0.049	0.123	0.070	0.516	0.124	0.091	0.028	2001	02	2000	1
200103	0.075	0.086	0.099	0.520	0.112	0.075	0.034	2001	03	2000	1
200104	0.058	0.093	0.142	0.525	0.072	0.095	0.016	2001	04	2000	1
200105	0.111	0.078	0.124	0.496	0.103	0.066	0.022	2001	05	2000	1
200106	0.125	0.047	0.104	0.560	0.065	0.072	0.025	2001	06	2000	1
200107	0.122	0.062	0.110	0.544	0.086	0.044	0.032	2001	07	2000	1
200108	0.134	0.056	0.115	0.584	0.075	0.023	0.014	2001	08	2000	1
200109	0.148	0.038	0.112	0.590	0.077	0.030	0.004	2001	09	2000	1
200110	0.137	0.076	0.137	0.511	0.066	0.064	0.010	2001	10	2000	1
200111	0.128	0.078	0.146	0.531	0.057	0.054	0.006	2001	11	2000	1
200112	0.107	0.137	0.120	0.525	0.053	0.041	0.017	2001	12	2000	1
200201	0.105	0.125	0.144	0.524	0.064	0.037	0.000	2002	01	2000	2
200202	0.125	0.142	0.123	0.536	0.067	0.007	0.000	2002	02	2000	2
200203	0.123	0.114	0.165	0.503	0.054	0.042	0.000	2002	03	2000	2
200204	0.142	0.129	0.174	0.463	0.075	0.018	0.000	2002	04	2000	2
200205	0.172	0.122	0.177	0.429	0.054	0.034	0.012	2002	05	2000	2
200206	0.220	0.123	0.181	0.410	0.050	0.015	0.002	2002	06	2000	2
200207	0.264	0.131	0.113	0.422	0.053	0.016	0.001	2002	07	2000	2
200208	0.248	0.138	0.115	0.413	0.051	0.026	0.009	2002	08	2000	2
200209	0.212	0.126	0.128	0.459	0.042	0.023	0.011	2002	09	2000	2
200210	0.153	0.123	0.124	0.468	0.062	0.037	0.034	2002	10	2000	2
200211	0.160	0.106	0.127	0.498	0.050	0.040	0.019	2002	11	2000	2
200212	0.123	0.141	0.117	0.432	0.108	0.049	0.030	2002	12	2000	2
200301	0.146	0.131	0.120	0.527	0.046	0.015	0.014	2003	01	2000	3
200302	0.085	0.143	0.130	0.498	0.103	0.024	0.017	2003	02	2000	3
200303	0.097	0.093	0.143	0.566	0.082	0.009	0.010	2003	03	2000	3
200304	0.077	0.092	0.137	0.571	0.099	0.015	0.009	2003	04	2000	3
200305	0.062	0.091	0.128	0.569	0.096	0.037	0.016	2003	05	2000	3
200306	0.077	0.089	0.088	0.546	0.078	0.092	0.031	2003	06	2000	3
200307	0.113	0.101	0.107	0.478	0.070	0.064	0.068	2003	07	2000	3
200308	0.127	0.105	0.161	0.397	0.065	0.078	0.066	2003	08	2000	3
200309	0.104	0.130	0.156	0.410	0.039	0.049	0.111	2003	09	2000	3
200310	0.140	0.133	0.139	0.404	0.029	0.065	0.090	2003	10	2000	3
200311	0.105	0.100	0.158	0.461	0.036	0.048	0.093	2003	11	2000	3
200312	0.056	0.120	0.154	0.496	0.050	0.046	0.078	2003	12	2000	3
200401	0.045	0.149	0.120	0.547	0.046	0.030	0.062	2004	01	2000	4
200402	0.028	0.101	0.127	0.601	0.059	0.055	0.029	2004	02	2000	4
200403	0.081	0.107	0.128	0.575	0.065	0.030	0.014	2004	03	2000	4
200404	0.063	0.117	0.141	0.537	0.092	0.032	0.018	2004	04	2000	4
200405	0.081	0.085	0.133	0.524	0.106	0.046	0.024	2004	05	2000	4
200406	0.091	0.098	0.088	0.509	0.116	0.064	0.034	2004	06	2000	4
200407	0.098	0.095	0.098	0.459	0.131	0.081	0.038	2004	07	2000	4
200408	0.079	0.099	0.055	0.408	0.204	0.110	0.045	2004	08	2000	4
200409	0.039	0.068	0.045	0.497	0.161	0.109	0.081	2004	09	2000	4
200410	0.007	0.022	0.028	0.522	0.233	0.091	0.098	2004	10	2000	4
200411	0.007	0.026	0.034	0.431	0.213	0.119	0.170	2004	11	2000	4
200412	0.007	0.026	0.044	0.490	0.152	0.131	0.150	2004	12	2000	4
200501	0.009	0.038	0.052	0.386	0.191	0.105	0.219	2005	01	2000	5
200502	0.030	0.046	0.051	0.417	0.147	0.129	0.179	2005	02	2000	5
200503	0.038	0.050	0.022	0.503	0.135	0.101	0.151	2005	03	2000	5
200504	0.019	0.031	0.029	0.555	0.139	0.082	0.147	2005	04	2000	5
200505	0.015	0.014	0.033	0.558	0.140	0.088	0.152	2005	05	2000	5
200506	0.015	0.009	0.062	0.453	0.183	0.109	0.169	2005	06	2000	5
200507	0.021	0.016	0.064	0.499	0.146	0.109	0.146	2005	07	2000	5
200508	0.020	0.019	0.066	0.510	0.126	0.074	0.186	2005	08	2000	5
200509	0.020	0.025	0.091	0.627	0.087	0.051	0.099	2005	09	2000	5
200510	0.015	0.019	0.108	0.611	0.097	0.061	0.089	2005	10	2000	5
200511	0.010	0.039	0.091	0.681	0.082	0.032	0.065	2005	11	2000	5
200512	0.025	0.056	0.096	0.601	0.102	0.059	0.062	2005	12	2000	5
200601	0.019	0.054	0.148	0.562	0.098	0.035	0.085	2006	01	2000	6
200602	0.013	0.117	0.131	0.551	0.086	0.041	0.061	2006	02	2000	6
200603	0.017	0.090	0.176	0.541	0.052	0.044	0.080	2006	03	2000	6
200604	0.029	0.092	0.200	0.513	0.057	0.013	0.095	2006	04	2000	6
200605	0.056	0.172	0.191	0.468	0.030	0.026	0.057	2006	05	2000	6
200606	0.137	0.140	0.165	0.421	0.050	0.045	0.043	2006	06	2000	6
200607	0.110	0.175	0.181	0.412	0.047	0.035	0.040	2006	07	2000	6
200608	0.087	0.129	0.161	0.523	0.045	0.032	0.022	2006	08	2000	6
200609	0.063	0.095	0.119	0.560	0.083	0.051	0.029	2006	09	2000	6
200610	0.014	0.090	0.112	0.557	0.077	0.084	0.065	2006	10	2000	6
200611	0.022	0.101	0.087	0.591	0.082	0.057	0.059	2006	11	2000	6
200612	0.015	0.060	0.082	0.625	0.110	0.045	0.063	2006	12	2000	6
200701	0.013	0.067	0.118	0.553	0.134	0.061	0.053	2007	01	2000	7
200702	0.031	0.047	0.120	0.609	0.092	0.068	0.034	2007	02	2000	7
200703	0.051	0.100	0.144	0.485	0.130	0.065	0.026	2007	03	2000	7
200704	0.053	0.089	0.150	0.459	0.105	0.103	0.041	2007	04	2000	7
200705	0.104	0.123	0.115	0.401	0.098	0.093	0.066	2007	05	2000	7
200706	0.131	0.115	0.105	0.398	0.078	0.073	0.099	2007	06	2000	7
200707	0.156	0.094	0.114	0.400	0.066	0.048	0.122	2007	07	2000	7
200708	0.166	0.106	0.139	0.347	0.065	0.072	0.106	2007	08	2000	7
200709	0.143	0.116	0.144	0.421	0.080	0.039	0.057	2007	09	2000	7
200710	0.092	0.113	0.129	0.506	0.069	0.036	0.054	2007	10	2000	7
200711	0.133	0.104	0.139	0.498	0.058	0.045	0.023	2007	11	2000	7
200712	0.070	0.114	0.125	0.532	0.067	0.058	0.033	2007	12	2000	7
200801	0.059	0.072	0.147	0.544	0.091	0.065	0.023	2008	01	2000	8
200802	0.043	0.064	0.147	0.510	0.130	0.066	0.040	2008	02	2000	8
200803	0.046	0.086	0.165	0.454	0.143	0.063	0.044	2008	03	2000	8
200804	0.033	0.092	0.162	0.478	0.110	0.063	0.062	2008	04	2000	8
200805	0.012	0.097	0.180	0.449	0.117	0.074	0.070	2008	05	2000	8
200806	0.039	0.115	0.165	0.419	0.081	0.094	0.087	2008	06	2000	8
200807	0.042	0.113	0.135	0.429	0.081	0.090	0.110	2008	07	2000	8
200808	0.044	0.087	0.070	0.524	0.104	0.072	0.098	2008	08	2000	8
200809	0.053	0.090	0.080	0.507	0.082	0.051	0.138	2008	09	2000	8
200810	0.044	0.103	0.071	0.500	0.078	0.046	0.158	2008	10	2000	8
200811	0.047	0.079	0.094	0.507	0.076	0.077	0.120	2008	11	2000	8
200812	0.035	0.064	0.110	0.502	0.067	0.077	0.145	2008	12	2000	8
200901	0.053	0.077	0.090	0.503	0.082	0.079	0.117	2009	01	2000	9
200902	0.040	0.083	0.118	0.503	0.075	0.082	0.098	2009	02	2000	9
200903	0.037	0.069	0.105	0.525	0.085	0.085	0.095	2009	03	2000	9
200904	0.037	0.061	0.119	0.534	0.072	0.066	0.112	2009	04	2000	9
200905	0.057	0.032	0.102	0.538	0.110	0.071	0.091	2009	05	2000	9
200906	0.044	0.043	0.077	0.565	0.112	0.066	0.092	2009	06	2000	9
200907	0.054	0.041	0.086	0.488	0.126	0.089	0.115	2009	07	2000	9
200908	0.061	0.054	0.094	0.457	0.092	0.119	0.123	2009	08	2000	9
200909	0.043	0.053	0.076	0.477	0.126	0.110	0.113	2009	09	2000	9
200910	0.019	0.065	0.042	0.414	0.076	0.120	0.264	2009	10	2000	9
200911	0.031	0.065	0.044	0.501	0.093	0.108	0.159	2009	11	2000	9
200912	0.000	0.056	0.027	0.486	0.119	0.121	0.190	2009	12	2000	9
201001	0.000	0.028	0.025	0.522	0.118	0.133	0.174	2010	01	2010	0
201002	0.006	0.028	0.047	0.520	0.144	0.125	0.131	2010	02	2010	0
201003	0.018	0.028	0.049	0.516	0.159	0.113	0.117	2010	03	2010	0
201004	0.000	0.010	0.035	0.606	0.164	0.083	0.102	2010	04	2010	0
201005	0.006	0.011	0.026	0.607	0.177	0.067	0.106	2010	05	2010	0
201006	0.000	0.005	0.043	0.563	0.183	0.069	0.137	2010	06	2010	0
201007	0.000	0.014	0.063	0.487	0.177	0.093	0.166	2010	07	2010	0
201008	0.000	0.025	0.067	0.555	0.145	0.052	0.156	2010	08	2010	0
201009	0.006	0.018	0.100	0.537	0.089	0.085	0.166	2010	09	2010	0
201010	0.011	0.023	0.084	0.567	0.109	0.071	0.134	2010	10	2010	0
201011	0.009	0.022	0.073	0.607	0.087	0.080	0.122	2010	11	2010	0
201012	0.008	0.049	0.091	0.496	0.118	0.113	0.127	2010	12	2010	0
201101	0.010	0.052	0.124	0.498	0.107	0.081	0.128	2011	01	2010	1
201102	0.008	0.048	0.126	0.511	0.101	0.073	0.134	2011	02	2010	1
201103	0.021	0.062	0.126	0.436	0.138	0.084	0.132	2011	03	2010	1
201104	0.023	0.088	0.133	0.264	0.194	0.123	0.175	2011	04	2010	1
201105	0.062	0.122	0.090	0.212	0.150	0.141	0.223	2011	05	2010	1
201106	0.142	0.086	0.062	0.211	0.128	0.133	0.237	2011	06	2010	1
201107	0.181	0.056	0.055	0.254	0.106	0.115	0.232	2011	07	2010	1
201108	0.214	0.039	0.043	0.352	0.086	0.071	0.195	2011	08	2010	1
201109	0.184	0.051	0.045	0.482	0.072	0.048	0.118	2011	09	2010	1
201110	0.154	0.064	0.068	0.456	0.080	0.053	0.124	2011	10	2010	1
201111	0.123	0.087	0.048	0.540	0.066	0.052	0.084	2011	11	2010	1
201112	0.090	0.074	0.106	0.544	0.056	0.043	0.087	2011	12	2010	1
201201	0.080	0.097	0.114	0.562	0.035	0.050	0.062	2012	01	2010	2
201202	0.040	0.127	0.188	0.544	0.038	0.028	0.035	2012	02	2010	2
201203	0.058	0.125	0.216	0.528	0.049	0.009	0.015	2012	03	2010	2
201204	0.062	0.155	0.235	0.472	0.049	0.015	0.010	2012	04	2010	2
201205	0.086	0.182	0.251	0.425	0.025	0.019	0.010	2012	05	2010	2
201206	0.190	0.154	0.251	0.338	0.027	0.035	0.006	2012	06	2010	2
201207	0.212	0.207	0.229	0.279	0.051	0.014	0.008	2012	07	2010	2
201208	0.238	0.218	0.205	0.272	0.044	0.016	0.008	2012	08	2010	2
201209	0.226	0.220	0.173	0.329	0.037	0.014	0.001	2012	09	2010	2
201210	0.221	0.162	0.197	0.341	0.056	0.022	0.001	2012	10	2010	2
201211	0.239	0.213	0.193	0.324	0.021	0.008	0.003	2012	11	2010	2
201212	0.175	0.261	0.159	0.336	0.048	0.016	0.004	2012	12	2010	2
201301	0.131	0.215	0.210	0.350	0.072	0.017	0.005	2013	01	2010	3